ID	ENGLISH	OCCURRENCE	CONCEPT_IN_SOURCE	FORMS	PHRASE	GLOSS
1		4188	ABL // ADV // AGT // ASP // ASP:EVID // AUX // BEN // CAUS // CL // COM // COMP // CON // COP // CSM // DAT // DEF // DEF:CL // DIR // DIR:INDTV // DTV // DVT // EMPH // EXC // EXCL // GEN // HABIT // HORT // HS // IMP // INDEF // INDEF:CL // INDTV // INF // INF:PRS // INST // INT // LNK // LOC // NAR // NEG // NOM // PART // PRS // Q // REP // RESULT // TOP // VIS // WH	a // a! // a: // bɑ // da // de // die // do // du // dɑ // e // e! // e:! // fən // ha // ha! // hai // hai! // he // hi // hi! // ho // hüa // hɑ // hɑtu // i // j // ja // ji // jy // jy123 // jɑ // jə // k // ka: // ke // ke: // kei // ku // kuai // kui // kuo // kuɑ // kuə // kɑ: // kə // kə: // kəi // kəpə // la: // le // le: // lɑ // lɑ: // lə // lə114 // m // ma // me // mi // mo // mu // mɑ // mə // ne // ne: // nu // nɑ // nə // o // pɑ // qu // s // ste // stu // stun // stũ // su // sɑ // sə // ta // ta: // te // te: // thɑ // thə // ti // tu // tu118 // tɑ // tɑ: // tɑu // tɕ // tɕe // tɕi // tɕi? // tɕo // tɕu // tɕə // tə // tʂ // tʂɑ // u // w // wa // wei // wu // wu111 // wɑ // wɑ105 // wɑ? // x // xʂe // ze // zi // zu // zə // ŋuɑ // ŋuɑ? // ŋuə // ŋuəi? // ŋuəȵi // ŋ̥u̥ə // ŋ̥u̥ə̥ // ȵi // ȵi104 // ȵi110 // ȵi: // ȵiɑu // ȵɑ // ɑ // ɑ: // ɑ? // ɕa: // ɕɑ: // ə // əi // ək // əm // əs // ɦa // ɦa! // ɦala // ɦe // ɦei // ɦo // ɦɑ // ɦɑ: // ɦɑlɑ // ɦɑlə // ɦɑta // ɦɑthɑ // ɦɑtɑ // ɦɑtə // ɸi // ʁa // ʁɑ // ʁɑ112 // ʁə // ʂ // ʂu // ʂɑ // ʂə // ʐ // ʐgu // ʐə // ʐ̥ə	zəp-le: ȵi-ke: pe-ji qeʴlotʂu-ʁɑ,	earth-DEF:CL WH-INDEF:CL become-CSM in.the.past-LOC
2	1sg	152	1sg // 1sg:PRS // ASP:1sg // CAUS:1sg // COP:1sg // CSM:1sg // INDTV:1sg // REP:1sg // VIS:1sg	guo // ja // jya // jyɑ // jɑ // lɑ // qɑ // ŋuɑ // ŋuɑ121 // ɑ // ɑ: // ʐɑ	ʂkup-te:-wu maha qɑ dzə lɑ:,”	orangutan-DEF:CL-AGT night 1sg eat come:PRS
3	thus	93	COM:thus // thus	ike // ikə // ke // kə // ȵike	thəzzi-tɑ kə-ji,	3dl-LOC thus-say
4	still is)	54	†(still.is)	χaiʂə	ɦɑ-the-wu χaiʂə ɦe-zei ɦe-zei-ȵi dɑ-qə-jə ɦe-zei ɦe-zei-ȵi dɑ-qə-jə-kəi-tu,	INT-that-ABL †(still.is) DIR-cry DIR-cry-ADV DIR-go-REP DIR-cry DIR-cry-ADV DIR-go-REP-NAR-LNK
5	emperor	60	emperor	juanʁuai // juɑnʁuɑi // juɑnʁuɑi109 // ʐmitʂi // ʐmətʂi	sawu-le: wutɕupu-ŋuəȵi ʐmətʂi.	older.sister-DEF:CL husband-TOP emperor
6	also	40	also	lə	ep lə me-ʐi ew lə me-ʐi ke: ŋuə-kəi-tɕu,	father also NEG-exist mother also NEG-exist INDEF:CL COP-NAR-PART
7	2sg	85	2sg // †(2sg	n // n122 // n? // un // ȵi // ən // ʔũ	maha-ȵi-ŋuəȵi qɑ ʔũ-gul zu-lu-ɑ:-wɑ,”	night-ADV-TOP 1sg 2sg-companion DIR-come-1sg:PRS-EMPH
8	there	80	there	thu // thɑ // thə // ɦɑlɑ // ɦɑlə	qusɑp-tou-ŋuəȵi ɦɑlɑ kɑpətʂ-tou-pienɑ-lɑ nəʂ-te:-pienɑ thɑ ɦɑ-nə-kəi,	scissors-DEF:one:CL-TOP INT orphan-DEF:one:CL-beside-LOC bed-DEF:CL-beside there DIR-sleep-NAR
9	day	39	day	s // sə	steke lɑ-s-ʁɑ,	later DEF:one-day-LOC
10	this	46	this // this:CL // †(this	tse // tse: // tsɑ // tsə // tʂekə	tɕile pəmaha tse: qəta:-wa,”	2pl tonight this:CL beat.to.death:PRS-EMPH
11	seek	43	seek	meʴʐ // meʴʐə	χaiʂə tɕɑ-lə nə meʴʐ-kəi,	†(still.is) where-LOC sleep seek-NAR
12	this manner	28	this.manner	tsəi	ɦɑ-tsəi-ȵike,	INT-this.manner-after
13	become	28	become // become:PRS	pe // pɑ:	zəp-le: ȵi-ke: pe-ji qeʴlotʂu-ʁɑ,	earth-DEF:CL WH-INDEF:CL become-CSM in.the.past-LOC
14	Thɑnkhemu	26	Thɑnkhemu	thɑnkhemu	ɦɑ-tu “ʐmə-ŋuəȵi thɑnkhemu ə-ʂpə-n-pɑ,”	INT-RESULT name-TOP Thɑnkhemu DIR-call-2sg-DTV
15	that // one	26	that:one // that:one:CL	thou // thɑ	thɑ-χsɑ i-pə-l-ku-tu,	that:one-few DIR-arrive-come-NAR-LNK
16	son	25	son	tʂi	juɑnʁuɑi.109) ɦɑ-tu satʂů-te:-tɕ-tʂi-le:-ŋuəȵi tʂi ou ʐi-kui,	emperor INT-RESULT younger.sister-DEF:CL-GEN-man-DEF:CL-TOP son one:CL exist-NAR
17	cry	24	cry	zei	zei ɦe-zei-ȵi kə-kəpə-kəi-tɕu,	cry DIR-cry-ADV go-HABIT-NAR-PART
18	what	27	what	ȵi: // ȵiɣi	qusɑp-te:-wu “a ʔũ ȵiɣi-pe-wɑ?	scissors-DEF:CL-AGT EXCL 2sg what-become-Q
19	want	26	want	tɕhe // tɕhi	ʐmə tɕhe-tɕ ʐguə i-ɸi-ji.	humankind want-GEN grain DIR-plant-CSM
20	ask	21	ask	keʴl	χa-le:-wu tə-keʴl-kui-tɕu,	needle-DEF:CL-AGT DIR-ask-NAR-PART
21	Likhemu	21	Likhemu	likhemu	ɦɑ-tu thɑnkhemu ȵɑ likhemu jə-ze wu tʂi pe-kui,	INT-RESULT Thɑnkhemu COM Likhemu two-CL all son become-NAR
22	this // one	22	this:one // this:one:CL	tsou // tsɑ	ɦɑ-tsɑ-tɑu ŋuə-tu,	INT-this:one-time COP-LNK
23	arrive	20	arrive	pə // tɑulə	themle zəpəq-tɑ i-pə-l-ȵike,	3pl earth-LOC DIR-arrive-come-after
24	eat	28	eat // eat:PRS	dze // dzi // dzɑ: // dzə // tɕhə // zə	tu ɦɑlɑ ʂkup-le:-ŋuəȵi ɦɑ-tsu kɑpətʂ tou dzə kɑntɕhi-kui-tɕu,	RESULT INT orangutan-DEF:CL-TOP INT-here orphan DEF:one:CL eat think/want-NAR-PART
25	other	17	other	nai	nai tshəmɑ we-tɕ səɸ-zu xsə-quɑt de-tɕi-le-wei,	other thorn exist-GEN tree-seed three-bushel DIR-CON-give-HS
26	1pl	23	1pl // CAUS:PRS:1pl // COP:1pl // PRS:1pl	tɕile // ŋueʴ // ɑ:ʴ // ʐɑ:? // ʔile	tɕile tsɑ-χsəʴwu gul-pɑ-ʂ,	1pl this:one-few:all companion-do-LNK
27	come	85	come // come:PRS	l // lu // lů // lɑ // lɑ: // lə	tɕetɕi-lɑ-wu mufů tə-lɑ-ji,	everywhere-LOC-ABL smoke DIR-come-CSM
28	find	19	find	tɕ // tɕi // tɕə	tə-meʴʐ-ȵi dɑ-tɕ-kə-kui,	DIR-seek-ADV DIR-find-go-NAR
29	able	32	able	dʐə // l // lə // the // ɣʐə	thizzi zɑ-ʁə bəl-dʐə-wa-χuɑ-ȵi,	3dl earth-LOC do-able-very-because-ADV
30	3sgREFL	16	3sgREFL	ȵi: // ȵiȵi	ȵi:-ŋuəȵi ɦɑ steke steke ɦe-zei ɦe-zei ɦe-zei-ke: tse:-steke dɑ-qə-kəi-stũ.	3sgREFL-TOP INT behind behind DIR-cry DIR-cry DIR-cry-INDEF:CL this:CL-behind DIR-go-NAR-PART
31	Chen family	14	Chen.family	tshəntɕɑ	tshəntɕɑ qɑpə qeʴ ŋuə-tu,	Chen.family old.man long.ago COP-LNK
32	because	14	because	le // χuɑ	zuɑmə-ɸu o-ʐgu-tɑ i-pi-χuɑ-ȵi,	cypress-tree one-CL-LOC DIR-hide-because-ADV
33	before	16	before	qe:ʴ // qeʴ // qə:ʴ // tɕiqə:ʴ	thizzi-ŋuəȵi qe:ʴ-tɑ ɑpə mupithɑ thizzi oqpi pə-ʐ mo-ʁu-χuɑ-ȵi,	3dl-TOP before-LOC god Mupitha 3dl one:family do-CAUS NEG-willing-because-ADV
34	this // family	13	this:family	tsoqpi	ɦɑ-tu tsoqpi phɑwu-le: tɕymi-le:,	INT-RESULT this:family older.sister-DEF:CL child-DEF:CL
35	exist	97	exist // exist:PRS	l // le // le: // w // we // we̊ // xu // ʂə // ʐa: // ʐi // ʐi? // ʐə	mutu-lɑ mujuqů ʐguə-zi we-i,	heaven-LOC sun nine-CL exist-HS
36	encounter	12	encounter	tʂepe	χa-le:-ȵɑ e-tʂepe-kəi-tɕu.	needle-DEF:CL-COM DIR-encounter-NAR-PART
37	companion	12	companion	gul	maha-ȵi-ŋuəȵi qɑ ʔũ-gul zu-lu-ɑ:-wɑ,”	night-ADV-TOP 1sg 2sg-companion DIR-come-1sg:PRS-EMPH
38	that	15	that	the // thɑ // thə // ɦɑlɑ	ɦɑ-the-wu χaiʂə ɦe-zei ɦe-zei-ȵi dɑ-qə-jə ɦe-zei ɦe-zei-ȵi dɑ-qə-jə-kəi-tu,	INT-that-ABL †(still.is) DIR-cry DIR-cry-ADV DIR-go-REP DIR-cry DIR-cry-ADV DIR-go-REP-NAR-LNK
39	where	15	where // where:LOC	tɕɑ // tɕɑ: // tɕɑl	χa-le:-ŋuəȵi tɕɑ-lə je-s ŋuə,	needle-DEF:CL-TOP where-LOC live/stay-NOM COP
40	person	12	person	mi	mi tɕiquɑ-lɑ-ŋuəȵi tɕy-le:-ŋuəȵi ʁoi-kə-m he-ɕi-kui-stũ.	person inside-LOC-TOP chicken-DEF:CL-TOP call-go-NOM DIR-send-NAR-PART
41	old man	14	old.man	qɑpɑ // qɑpə	qɑpə-lɑ-hɑ ɦɑ-tsəi-ŋuəȵi,	old.man-DEF:one-pl INT-this.manner-TOP
42	husband	12	husband	wutɕupu	sawu-le: wutɕupu-ŋuəȵi ʐmətʂi.	older.sister-DEF:CL husband-TOP emperor
43	die	12	die	ʂe	χuopɑu ŋuə-ʂə ɦe-ʂue-ȵi ɑ-ʂpɑ-lɑ die-ʂe-kə ʁu.”	live.treasure COP-LNK DIR-be.hungry-ADV one-place-LOC DIR-die-INF may
44	two	14	DEF:two:CL // INDEF:two:CL // two	jə // kəzzi // ləzzi	mə ȵɑ ɣlu jə-tʂ-ŋuəȵi,	older.brother COM younger.sister two-CL-TOP
45	pl	13	pl	hɑ // ɣle // ɣlə	e-tʂequɑ de-tshe-ȵi lu-zu-lɑ-hɑ ʁopu ti-wi-s-tɑ de-se-ku,	DIR-remember DIR-wrong-ADV China.fir-seed-DEF:one-pl mountain DIR-high-NOM-LOC DIR-sow-NAR
46	orangutan	16	orangutan	skup // ʂku // ʂkup	tu ɦɑlɑ ʂkup-le:-ŋuəȵi ɦɑ-tsu kɑpətʂ tou dzə kɑntɕhi-kui-tɕu,	RESULT INT orangutan-DEF:CL-TOP INT-here orphan DEF:one:CL eat think/want-NAR-PART
47	afraid	12	afraid	qu // ququ	“qɑ tɕəu-lɑ o-zů-ȵi qɑ ou-stu je qu-ɑ-wɑ,”	1sg home-LOC DIR-sit-ADV 1sg one:CL-alone live/stay afraid-1sg-EMPH
48	snake	11	snake	bəs	upu bəs i-tse,	uncle snake DIR-look
49	allow	13	allow	se // si // si?	ɦɑlɑ “sənʐə bələ-ŋuəȵi ɦe-me-se” jə-kui.	INT birthday do-TOP DIR-NEG-allow say-NAR
50	do	40	do // do:PRS	bəl // bələ // p // pu // pů // pɑ // pɑ: // pə // zuo	ȵizzi oqpi pə-s,	3dl one:family do-NOM
51	three	11	three	sɑn // xsə	ɑpə-xsə-ŋuəȵi themle lu-zu xsə-quɑt de-l-wei,	father-god-TOP 3pl China.fir-seed three-bushel DIR-give-HS
52	behind	13	behind	steke // wəstɑ	ɑ-stu-χɑn phuxʂu-ŋuəȵi themle-steke ɑ-dzɑ-ʐ-ȵi.	one-thousand-kind wild.creatures-TOP 3pl-behind DIR-follow-CAUS-ADV
53	LNK(as soon as)	10	LNK(as.soon.as)	ȵiɑufu	gəs-ȵi ɦɑ-xtʂəp-ȵiɑufu ʂkup-le: qɑ dzə-lɑ:,”	night-ADV DIR-get.dark-LNK(as.soon.as) orangutan-DEF:CL 1sg eat-come:PRS
54	wife	10	wife	sətsim	qɑ the:-sətsim hɑ-ŋ̥u̥ə-lɑ,”	1sg 3sg-wife DIR-COP-INDTV:1sg
55	dream	10	dream	ʐmu	u-ʐmu-ȵi i-tʂi-ʐ dʐə,	DIR-dream-ADV DIR-represent-CAUS able
56	seven	11	seven	ɕtɕi // ɕtɕə	ə-tin-thɑ-jantɕi ɦɑlɑ ɕtɕə-s ə-ʂ-kəi,	DIR-set-AUX-after INT seven-day DIR-put-NAR
57	look	15	look	l // lə // tse	“ʔile gue:ʴ-tɑ-ŋuəȵi hɑ-l-ȵi mutu-lɑ tɕe-tse-ʂu.”	2pl road-LOC-TOP DIR-look-ADV heaven-LOC NEG.IMP-look-DTV
58	here	15	here	tsu // tsɑ // tsə	tu ɦɑlɑ ʂkup-le:-ŋuəȵi ɦɑ-tsu kɑpətʂ tou dzə kɑntɕhi-kui-tɕu,	RESULT INT orangutan-DEF:CL-TOP INT-here orphan DEF:one:CL eat think/want-NAR-PART
59	home	11	home	tɕiu // tɕəu	tɕəu-lɑ kə ʁza-ʁɑ,	home-LOC go when-LOC
60	mama	9	mama	mɑ:	mɑ:-le: hɑ-lə-kui-stũ.	mama-DEF:CL DIR-come-NAR-PART
61	drink	16	drink	tɕ // tɕh // tɕhi // tɕhə	χaiʂə ɦɑlə sə-ʁ-ȵi ɕi sə-tɕ-ȵi nu-lu-kəpə-kəi,	†(still.is) INT DIR-go-ADV wine DIR-drink-ADV DIR-come-HABIT-NAR
62	lion	9	lion	sin	ɦɑlɑ gue:ʴ-guχu-lɑ xsə-tɕi-le:-ʁɑ sin-le:-tɑ ɦɑ-l-ȵi ʐi-kui-wɑ,	INT road-upper.part-LOC god-house-DEF:CL-LOC lion-DEF:CL-LOC DIR-look-ADV exist-NAR-EMPH
63	if	11	if	ta // tu // wu // ʁɑ	“ʔizzi zəpəq-tɑ ɦa-ʁa-i-ta ɦɑ-ʁə-i.”	2dl earth-LOC DIR-go-2pl-if DIR-go-2pl
64	think/want	9	think/want	kɑntɕhi // kɑntɕi:	tu ɦɑlɑ ʂkup-le:-ŋuəȵi ɦɑ-tsu kɑpətʂ tou dzə kɑntɕhi-kui-tɕu,	RESULT INT orangutan-DEF:CL-TOP INT-here orphan DEF:one:CL eat think/want-NAR-PART
65	new(again)	8	new(again)	xsə	χaiʂə xsə ɕtɕiɕtɕiɑq tou-ȵɑ e-tʂepe-kə-jə-kei-tɕu,	†(still.is) new(again) magpie DEF:one:CL-COM DIR-encounter-go-REP-NAR-PART
66	today	8	today	pəs	pəs lə ɦɑ-xtʂəp-ja,	today also DIR-get.dark-REP
67	door	8	door	dʑy	χa-le:-ŋuəȵi ɦɑlɑ dʑy-le:-ʁɑ ə-tʂə-ȵi ɦɑlɑ dʑy-le:-ʁɑ ʐi-kəi,	needle-DEF:CL-TOP INT door-DEF:CL-LOC DIR-stab-ADV INT door-DEF:CL-LOC exist-NAR
68	beside	8	beside	pienɑ	qusɑp-tou-ŋuəȵi ɦɑlɑ kɑpətʂ-tou-pienɑ-lɑ nəʂ-te:-pienɑ thɑ ɦɑ-nə-kəi,	scissors-DEF:one:CL-TOP INT orphan-DEF:one:CL-beside-LOC bed-DEF:CL-beside there DIR-sleep-NAR
69	uncle	8	uncle	upu	upu bəs i-tse,	uncle snake DIR-look
70	send	8	send	ɕi	tɕiquɑ-lɑ hɑ-lə-ȵi ɦɑlɑ tɕiquɑ-lɑ ʁoi-kə-m he-ɕi-kui-tɕu.	inside-LOC DIR-come-ADV INT inside-LOC call-go-NOM DIR-send-NAR-PART
71	uncle’s wife	8	uncle’s.wife	entɕi	“entɕi qutaq.	uncle’s.wife (sound.of.chicken)
72	dog	8	dog	khuə	xsə khuə-le: hɑ-lə-jə-kui-stũ.	new(again) dog-DEF:CL DIR-come-REP-NAR-PART
73	older sister	11	older.sister	phɑwu // sawu	sawu-le:-tɕ-te:-ŋuəȵi tɕiuʂə,	older.sister-DEF:CL-GEN-DEF:CL-TOP †(that.is)
74	lose	8	lose	ɣʐu	“poquʂ-ŋuəȵi do-ɣʐu-n-tu,	livestock-TOP DIR-lose-2sg-LNK
75	man eating demon	15	man.eating.demon	jautsan // jɑutsan	ɦɑ-tu jɑutsan-le: ŋuə-kəi,	INT-RESULT man.eating.demon-DEF:CL COP-NAR
76	year	7	year	p	ə-jə-p pe-ȵi,	one-two-year become-ADV
77	needle	7	needle	χa	χa-le:-ȵɑ e-tʂepe-kəi-tɕu.	needle-DEF:CL-COM DIR-encounter-NAR-PART
78	make sound	12	make.sound	s116 // sɑ // sɑ115 // sə	ɦɑ kɑpətʂ tou hɑ-sə-kəi-ʂə,	INT orphan DEF:one:CL DIR-make.sound-NAR-LNK
79	stomach	7	stomach	χsutsqhɑ	χsutsqhɑ-le:-ȵɑ e-tʂepe-kəi,	stomach-DEF:CL-COM DIR-encounter-NAR
80	hold	9	hold	ge // tsu // tʂu	ʐmə ɑ-lɑ ɦo-tsu-kəi,	meeting one-CL DIR-hold-NAR
81	then)	7	†(then)	tɕiu	tu the-maha-ŋuəȵi tɕiu ʂəʂe:ʴwu ȵiɑntɕi gɑnphai-tu-pů-kəi-stu,	RESULT that-night-TOP †(then) exist:REDUP:all together arrange-DIR-do-NAR-PART
82	sleep	7	sleep	nə	tɕɑ-lə tɕɑ-lə nə-s ŋuə,	where-LOC where-LOC sleep-NOM COP
83	water	7	water	tsə	tsə-lo-qu ŋuə-ȵiantɕi,	water-DEF:one-CL COP-after
84	learn	7	learn	su	qɑ-ŋuəȵi pəs-ŋuəȵi pənsə ɑ-χən u-su-ɑ-wɑ,”	1sg-TOP today-TOP ability one-kind DIR-learn-1sg-EMPH
85	tether	7	tether	ʑdʑy	ʐbə-ŋuəȵi xsə-zi zə-p-ȵi tɕaʁa-lɑ ɦɑ-ʑdʑy-ȵi ʐi-ʐə-kui-tɕu.	yak-TOP three-CL DIR-buy-ADV cowpen-LOC DIR-tether-ADV exist-CAUS-NAR-PART
86	relieve oneself	7	relieve.oneself	sei	mɑutshɑ sei-jə-kə hɑ-qə-kəi-tu.	toilet relieve.oneself-REP-go DIR-go-NAR-LNK
87	row	7	row	χtʂ	ʁɑ-ŋuəȵi tə-tʂhɑtʂ ŋuəȵi ɕtɕə-χtʂ,	roof.tile-TOP DIR-vertically TOP seven-row
88	Huang	7	Huang	χuɑn	ɦɑ-tsə χuɑn tɕhiɑnmeʴ ɦɑ-tse:-ŋuəȵi,	INT-this Huang Qianmen INT-this:CL-TOP
89	Qianmen	7	Qianmen	tɕhiɑnmeʴ	ɦɑ-tsə χuɑn tɕhiɑnmeʴ ɦɑ-tse:-ŋuəȵi,	INT-this Huang Qianmen INT-this:CL-TOP
90	Dʑemi	7	Dʑemi	dʑemi	tshəntɕɑ qɑpə-ŋuəȵi qe:ʴ jitɕin jautsan dʑemi pe-m-le:-wu ʂpəl ȵɑ ɕtɕi:mi ha-xtʂe-ȵi jitɕin the-xʂepi-ʁɑ ə-ʁɑ-s-tɑ ɦɑlɑ tə-pian-thɑ-kəi,	Chen.family old.man-TOP before †(already) man.eating.demon Dʑemi become-NOM-DEF:CL-AGT kidney COM heart DIR-take.out-ADV †(already) that-side-LOC DIR-go-NOM-LOC INT DIR-change-AUX-NAR
91	mountain	10	mountain	ʁopu // ʁu	ʁu-q-tɑ-wu ɦo-ɣlu,	mountain-head-LOC-ABL DIR-roll
92	after	27	after	jantɕi // jɑntɕi // ȵiantɕi // ȵike // ȵiɑntɕi	ɦɑ-tsəi-ȵike,	INT-this.manner-after
93	2pl	17	2pl	i // j // ji // tɕile // ʔile	“ʔizzi zəpəq-tɑ ɦa-ʁa-i-ta ɦɑ-ʁə-i.”	2dl earth-LOC DIR-go-2pl-if DIR-go-2pl
94	god	7	god	xsə // ɑpə	ɑpə-xsə-ŋuəȵi themle lu-zu xsə-quɑt de-l-wei,	father-god-TOP 3pl China.fir-seed three-bushel DIR-give-HS
95	road	6	road	gue:ʴ	“ʔile gue:ʴ-tɑ-ŋuəȵi hɑ-l-ȵi mutu-lɑ tɕe-tse-ʂu.”	2pl road-LOC-TOP DIR-look-ADV heaven-LOC NEG.IMP-look-DTV
96	scissors	6	scissors	qusɑp	ɦɑlɑ qusɑp-te:-ȵɑ e-tʂepe-kəi-tɕu,	INT scissors-DEF:CL-COM DIR-encounter-NAR-PART
97	crow	6	crow	noʁu	ɦɑlɑ noʁu-le:-ȵɑ e-tʂepe-kəi-tɕu,	INT crow-DEF:CL-COM DIR-encounter-NAR-PART
98	stone pestle	6	stone.pestle	thəl	dɑ-qɑ dɑ-qɑ-tu ɦɑlɑ thəl-le:-ȵɑ e-tʂepe-kəi-stu,	DIR-go DIR-go-LNK INT stone.pestle-DEF:CL-COM DIR-encounter-NAR-PART
99	run away	6	run.away	ɸu	ɦɑlɑ sɑq tuetue-ke:-tɕi du-ɸu-ȵi hɑ-ʁ kɑntɕhi-kəi,	INT blood driping-INDEF:CL-ADV DIR-run.away-ADV DIR-go think/want-NAR
100	throw	7	throw	ʁu // ʁů	ɦɑ-tsu ʂkup-te:-ŋuəȵi ȵi-qəti-ȵi da-ʁu-kui-wɑ.	INT-here orangutan-DEF:CL-TOP DIR-beat.to.death-ADV DIR-throw-NAR-EMPH
101	lazy	6	lazy	lɑn	lɑn-thə-m ke: məʴʂ qe:ʴ-qe:ʴ ŋuə-tu,	lazy-AUX-NOM INDEF:CL story before-before COP-LNK
102	ability	6	ability	pənsə	qɑ-ŋuəȵi pəs-ŋuəȵi pənsə ɑ-χən u-su-ɑ-wɑ,”	1sg-TOP today-TOP ability one-kind DIR-learn-1sg-EMPH
103	bamboo tube	7	bamboo.tube	ʂputhuʂ // ʂpəthuʂ	ʂputhuʂ lou tɕy-kəi-tu,	bamboo.tube DEF:one:CL carry-NAR-LNK
104	army	6	army	gueʴ	thoqpi-ŋuəȵi hɑ-qə-ȵi ȵi:-tɕ ɦɑlɑ gueʴ-ȵɑ thɑ-hɑn he-ɕi-ȵi tə-meʴʐ-s-tɑ,	that:family-TOP DIR-go-ADV 3sgREFL-GEN INT army-COM that:one-kind DIR-put-ADV DIR-seek-NOM-LOC
105	male/son	6	male/son	tʂi	tshəntɕɑ qɑpə-tɕ tʂi-ŋuəȵi tshəntitɕhən,	Chen.family old.man male/son-TOP Chen.Diqing
106	sword and bow	6	sword.and.bow	kuɑntɑusəje	ɦɑ-tu “the: maha-ŋuəȵi tshəntɕɑ qɑpɑ ȵɑ tshəntitɕhin-tɕə kuɑntɑusəje,	INT-RESULT 3sg night-TOP Chen.family old.man COM Chen.Diqing-GEN sword.and.bow
107	willing	5	willing	ʁu	thizzi-ŋuəȵi qe:ʴ-tɑ ɑpə mupithɑ thizzi oqpi pə-ʐ mo-ʁu-χuɑ-ȵi,	3dl-TOP before-LOC god Mupitha 3dl one:family do-CAUS NEG-willing-because-ADV
108	tonight	5	tonight	pəmaha	pəmaha-ŋuəȵi qɑ gul lɑ-hɑ i-pə-l-jy,	tonight-TOP 1sg companion DEF:one-pl DIR-arrive-come-ASP
109	plank stairs	5	plank.stairs	buzd	χsutsqhɑ-le:-ŋuəȵi buzd-te:-qəpɑtʂɑ: ɦɑ-nə-kui-tɕu,	stomach-DEF:CL-TOP plank.stairs-DEF:CL-head:LOC DIR-sleep-NAR-PART
110	hand	10	hand	japə // jɑpə // jɑpəq // jəpɑ	χa-lɑ-hɑ jɑpə-le:-tɑ ə-tʂə-ȵiɑufu sɑq-phi-ke: ə-ʂə-kui-tɕu,	needle-DEF:one-pl hand-DEF:CL-LOC DIR-stab-LNK(as.soon.as) blood-flow-INDEF:CL DIR-put-NAR-PART
111	understand	5	understand	χsɑ	thou tə-χsɑ mɑ-ɣʐə-kəi-ʂə,	that:one:CL DIR-understand NEG-able-NAR-LNK
112	wine	5	wine	ɕi	tɕiquɑ-lɑ upu-bəs-lɑ-hɑ-ŋuəȵi ɕi tʂhe107-kəi-stũ.	inside-LOC uncle-snake-DEF:one-pl-TOP wine suck-NAR-PART
113	hear	7	hear	m // mə // xʂuɕtɕu	ɦɑ-kə ə-m,	INT-thus DIR-hear
114	knowledge	5	knowledge	dʐuků	ȵi: lə dʐuků-le:-kə-ʂ,	3sgREFL also knowledge-exist-INF-LNK
115	roof tile	5	roof.tile	ʁɑ	ʁɑ-ŋuəȵi ɦɑ-thɑ mɑutshə-le:-qu-tɑ ʁɑ sə-ʑdʑy la:-ʁɑ ɦɑ-thɑ ʐi-kui-wɑ.	roof.tile-TOP INT-there toilet-DEF:CL-top-LOC roof.tile DIR-put DEF:one:CL-LOC INT-there exist-NAR-EMPH
116	stand	6	stand	jů // tɕhi	qɑ tu-jů-ȵi tu-jů.	1sg DIR-stand-ADV DIR-stand
117	bamboo	5	bamboo	ʂpə	ʁəʴ-tɑ-ŋuəȵi kaijuɑn-ʁɑ ʂpə me-we-m me-ʐi,	Han.person-DAT-TOP †street.edge-LOC bamboo NEG-exist-NOM NEG-exist
118	daughter	5	daughter	tsi	qɑ-tsi-le:-ŋuəȵi,	1sg-daughter-DEF:CL-TOP
119	kill	8	kill // kill:PRS	qəti // qətia: // q̥əti // tʂən	jɑutsan-le:-ŋuəȵi gəz nə-qəti-kui.	man.eating.demon-DEF:CL-TOP strangle(n.) DIR-kill-NAR
120	older brother	5	older.brother	mə // tuwɑ	mə ȵɑ ɣlu jə-tʂ-ŋuəȵi,	older.brother COM younger.sister two-CL-TOP
121	younger sister	15	younger.sister	satʂu // satʂů // ɣlu	mə ȵɑ ɣlu jə-tʂ-ŋuəȵi,	older.brother COM younger.sister two-CL-TOP
122	3pl	8	3pl	themle // tɕi // tɕə	mə ȵɑ ɣlu lə-zi i-dʐi-tɕi,	older.brother COM younger.sister DEF-CL DIR-discuss-3pl
123	everywhere	4	everywhere	tɕetɕi	duɑʁl-le:-wu sə-xte-ȵi tɕetɕi-lɑ da-ʁů.	scythe-DEF:CL-INST DIR-chop-LNK everywhere-LOC DIR-throw(away)
124	seed	4	seed	zu	ɑpə-xsə-ŋuəȵi themle lu-zu xsə-quɑt de-l-wei,	father-god-TOP 3pl China.fir-seed three-bushel DIR-give-HS
125	thorn	4	thorn	tshəmɑ	nai tshəmɑ we-tɕ səɸ-zu xsə-quɑt de-tɕi-le-wei,	other thorn exist-GEN tree-seed three-bushel DIR-CON-give-HS
126	now	5	now	pitɕ // pitɕi	pitɕ phu-ʁɑ ʐi-m phuxʂu pe-wei.	now forest-LOC exist-NOM wild.animals become-HS
127	night	19	night	gəs // jə // maha	kɑpətʂ tou gəs-tɑ ɦɑ-xtʂə-pɑ:-jə-tu qu-kəpə-kəi-ʂ,	orphan DEF:one:CL night-LOC DIR-get.dark-become:PRS-REP-LNK ɦe-afraid-HABIT-NAR-LNK
128	live/stay	5	live/stay	je // jə	“qɑ tɕəu-lɑ o-zů-ȵi qɑ ou-stu je qu-ɑ-wɑ,”	1sg home-LOC DIR-sit-ADV 1sg one:CL-alone live/stay afraid-1sg-EMPH
129	matter	4	matter	ʐə	“a: ke:-jə mɑ-ŋ̥u̥ə-ta ʐə me-w,	EXCL INDEF:CL-EXC NEG-COP-if matter NEG-exist
130	fire	4	fire	mə	ɕtɕiɕtɕaq-tou-ŋuəȵi ɦɑlɑ mə-lɑw-ʐɑχuɑ ɦɑ-nə-kui-tɕu,	magpie-DEF:one:CL-TOP INT fire-DEF:one:pile-inside DIR-sleep-NAR-PART
131	put	19	put	ɕi // ʂ // ʂə // ʑdʑy	χa-lɑ-hɑ jɑpə-le:-tɑ ə-tʂə-ȵiɑufu sɑq-phi-ke: ə-ʂə-kui-tɕu,	needle-DEF:one-pl hand-DEF:CL-LOC DIR-stab-LNK(as.soon.as) blood-flow-INDEF:CL DIR-put-NAR-PART
132	eyes	4	eyes	mi:	tʂhəqtʂhɑqtʂhəqtʂhɑq-lɑ-hɑ dɑ-ʂp-ȵiɑufu mi: dɑ-qə-kui,	(onomatopoeia)-DEF:one-pl DIR-explode-LNK(as.soon.as) eyes DIR-go-NAR
133	carry	8	carry	lie // tɕy	pəs-ŋuəȵi ʁoʁu lɑmpə lie-tu,	today-TOP ram’s.horn flower carry-LNK
134	3sg	4	3sg	the:	qɑ the:-sətsim hɑ-ŋ̥u̥ə-lɑ,”	1sg 3sg-wife DIR-COP-INDTV:1sg
135	girl	4	girl	tsi	ɦɑ-thu tsi-lou-ŋuəȵi ɦɑ ʁuɑχɑ-lɑ ɦe-zei ɦe-zei-ȵi thɑ ʐi-kəi-stũ,	INT-there girl-DEF:one:CL-TOP INT courtyard-LOC DIR-cry DIR-cry-ADV there exist-NAR-PART
136	woof	4	woof	ɦɑŋů	ɦɑlɑ “ɦɑŋů ɦɑŋů entɕi qutaq,	INT woof woof uncle’s.wife cluck
137	cluck	4	cluck	qutaq	ɦɑlɑ “ɦɑŋů ɦɑŋů entɕi qutaq,	INT woof woof uncle’s.wife cluck
138	listen	4	listen	xʂuɕtɕu	satʂů-le: tʂi-le:-ŋuəȵi ɦɑlɑ dʑy-le: wəstɑ u-xʂuɕtɕu-kui.	younger.sister-DEF:CL son-DEF:CL-TOP INT door-DEF:CL behind DIR-listen-NAR
139	hear // 1sg	4	hear:1sg	mɑ	ʐi-s-tɑ-ŋuəȵi qɑ ə-mɑ-ʂ,	exist-NOM-LOC-TOP 1sg DIR-hear:1sg-LNK
140	cart	4	cart	tʂhetsə	ɦɑ-tu tse: mi-tse:-ŋuəȵi ɦɑ-thɑ tʂhetsə-qu-tɑ sə-l-ȵi ʂputhuʂ tou-ʁɑ-ŋuəȵi keʴl-jy,	INT-RESULT this:CL person-this:CL-TOP INT-there cart-top-LOC DIR-look-ADV bamboo.tube DEF:one:CL-LOC-TOP ask-ASP
141	sign	4	sign	tʂi	“ɕtɕə-s-ʁɑ-ŋuəȵi tse: ʐmətʂi jin-ne: ɑ-zə χqu ɦɑtə u-ʐmu-ȵi i-tʂi-s-le: ŋuə-ʂ,	seven-day-LOC-TOP this:CL emperor monk’s.robe-DEF:CL one-little difficult INT DIR-dream-ADV DIR-sign-NOM-DEF:CL COP-LNK
142	live treasure	4	live.treasure	χuopɑu	qɑ tse: tsəpɑu-le: mɑ-ŋ̥u̥ə-ʂə χuopɑu-le: ŋuə.	1sg this:CL inanimate.treasure-DEF:CL NEG-COP-LNK live.treasure-DEF:CL COP
143	book	4	book	ləɣz	ɕtɕə-p le-ȵi ləɣz ɑ:-su-k-wɑ.	seven-years exist-ADV book DIR:INDTV-study-go-DTV
144	study	4	study	su	ɕtɕə-p le-ȵi ləɣz ɑ:-su-k-wɑ.	seven-years exist-ADV book DIR:INDTV-study-go-DTV
145	saddle	5	saddle	gantsə // gɑntsə	gɑntsə χuɑ-m ɦɑlɑ ʐi-kəi.	saddle sell-NOM there exist-NAR
146	tie up	4	tie.up	χʂ	ɦɑ-tu tshəntitɕhin lə nə-χʂ-ku.	INT-RESULT Chen.Diqing also DIR-tie.up-NAR
147	talk	4	talk	ʐ	ʂku-ʐ pu-jy,123 ɦɑ-tsəi ʂku-ʐ ɦo-pu-ȵi,	orangutan-talk do-ASP INT-this.manner orangutan-talk DIR-do-ADV
148	very many	4	very.many	qusu	jautsan dʑemi tse:-wu χaiʂə lɑupeɕi lə qusu ə-tʂən-thɑ,	man.eating.demon Dʑemi this:CL-AGT †(still.is) †ordinary.citizens also very.many DIR-kill-AUX
149	bezoar	4	bezoar	ȵiuχuɑn	ȵiuχuɑn-ŋuəȵi ɑ-tɕ,	bezoar-TOP one-catty
150	heaven	3	heaven	mutu	mutu-lɑ mujuqů ʐguə-zi we-i,	heaven-LOC sun nine-CL exist-HS
151	later	3	later	steke	steke-tɑ mi peʴʐə-s ŋuə-χuɑ-ȵi,	later-LOC people raise(child)-NOM COP-because-ADV
152	people	3	people	mi	steke-tɑ mi peʴʐə-s ŋuə-χuɑ-ȵi,	later-LOC people raise(child)-NOM COP-because-ADV
153	stone mill	3	stone.mill	dzuɑʁl	ȵutɕuku dzuɑʁl e-xʂe ɦei-bi-ȵi,	each stone.mill one-CL DIR-carry.on.back-ADV
154	one // family	4	DEF:one:family // one:family	louqpi // oqpi	ȵizzi oqpi pə-s,	3dl one:family do-NOM
155	release	7	release	ɕe // ɕi // ʂ	ɣlu-le: mi qes mɑ-ŋ̥u̥ə̥ ke: i-ɕi.	younger.sister-DEF:CL people form NEG-COP INDEF:CL DIR-release
156	Mutsitʂu	3	Mutsitʂu	mutsitʂu	mutsitʂu ȵɑ tugantʂu mutsitʂu ȵɑ tugantʂu zəpəq-tɑ ɦo-lu-ɑ:-ji.	Mutsitʂu COM Tugantʂu Mutsitʂu COM Tugantʂu earth-LOC DIR-come-PRS-CSM
157	Tugantʂu	3	Tugantʂu	tugantʂu	mutsitʂu ȵɑ tugantʂu mutsitʂu ȵɑ tugantʂu zəpəq-tɑ ɦo-lu-ɑ:-ji.	Mutsitʂu COM Tugantʂu Mutsitʂu COM Tugantʂu earth-LOC DIR-come-PRS-CSM
158	say	157	say	dʑe // dʑi // ji // jə	thəzzi-tɑ kə-ji,	3dl-LOC thus-say
159	China fir	3	China.fir	lu	ɑpə-xsə-ŋuəȵi themle lu-zu xsə-quɑt de-l-wei,	father-god-TOP 3pl China.fir-seed three-bushel DIR-give-HS
160	give	8	give	ke // l // le	ɑpə-xsə-ŋuəȵi themle lu-zu xsə-quɑt de-l-wei,	father-god-TOP 3pl China.fir-seed three-bushel DIR-give-HS
161	grow	4	grow	phi // ʂ	ɦe-gi-s-tɑ-ŋuəȵi tshəmɑ tə-ʂ-jy ŋuə.	DIR-short-NOM-LOC-TOP thorn DIR-grow-ASP COP
162	sit	7	sit	dzu // zu // zů	“qɑ tɕəu-lɑ o-zů-ȵi qɑ ou-stu je qu-ɑ-wɑ,”	1sg home-LOC DIR-sit-ADV 1sg one:CL-alone live/stay afraid-1sg-EMPH
163	answer	3	answer	ʐgue	kɑpətʂ tou he-ʐgue-kəi,	orphan DEF:one:CL DIR-answer-NAR
164	make(friends)	3	make(friends)	se	gul ɦe-se-kəi-tu,	companion DIR-make(friends)-NAR-LNK
165	bed	3	bed	nəʂ	qusɑp-tou-ŋuəȵi ɦɑlɑ kɑpətʂ-tou-pienɑ-lɑ nəʂ-te:-pienɑ thɑ ɦɑ-nə-kəi,	scissors-DEF:one:CL-TOP INT orphan-DEF:one:CL-beside-LOC bed-DEF:CL-beside there DIR-sleep-NAR
166	one // pile	3	DEF:one:pile	lɑw	ɕtɕiɕtɕaq-tou-ŋuəȵi ɦɑlɑ mə-lɑw-ʐɑχuɑ ɦɑ-nə-kui-tɕu,	magpie-DEF:one:CL-TOP INT fire-DEF:one:pile-inside DIR-sleep-NAR-PART
167	water jar	3	water.jar	ʂuətʂhuɑ	noʁu-le:-ŋuəȵi ɦɑlɑ ʂuətʂhuɑ ʐɑχuɑ ɦɑ-nə-kui,	crow-DEF:CL-TOP INT water.jar inside DIR-sleep-NAR
168	pound	3	pound	tɕite	thəl-le:-wu ɦe-tɕite ɦe-tɕite,	stone.pestle-DEF:CL-AGT DIR-pound DIR-pound
169	walk	3	walk	sei	upu-bəs-te: tɕiqə:ʴ ʂua:m-ke: sei-k-kui,	uncle-snake-DEF:CL before very.long-INDEF:CL walk-go-NAR
170	stone pile	3	stone.pile	qhaʴʁue	upu-bəs-te: ɦɑ qhaʴʁue-lɑw-ʁɑ i-pə-k- tu,	uncle-snake-DEF:CL INT stone.pile-DEF:one:CL-LOC DIR-arrive-go- LNK
171	call	14	call	ʁoi // ʂp // ʂpi // ʂpu // ʂpə // ʐmə	tɕiquɑ-lɑ hɑ-lə-ȵi ɦɑlɑ tɕiquɑ-lɑ ʁoi-kə-m he-ɕi-kui-tɕu.	inside-LOC DIR-come-ADV INT inside-LOC call-go-NOM DIR-send-NAR-PART
172	(sound of chicken)	3	(sound.of.chicken)	qutaq	“entɕi qutaq.	uncle’s.wife (sound.of.chicken)
173	oink oink	3	oink.oink	ɦə̃ʴɦə̃ʴ	pie-le: hɑ-lə-ȵi “ɦə̃ʴɦə̃ʴ entɕi qutaq,	pig-DEF:CL DIR-come-LNK oink.oink uncle’s.wife cluck
174	grab	3	grab	tsəqɑ	qɑ-phusuluq-te: tə-tsəqɑ-ȵi mi: ɦɑ-tʂə-n-bɑ,	1sg-clothing-DEF:CL DIR-grab-ADV eye DIR-close-2sg-DTV
175	that is)	3	†(that.is)	tɕiuʂə	sawu-le:-tɕ-te:-ŋuəȵi tɕiuʂə,	older.sister-DEF:CL-GEN-DEF:CL-TOP †(that.is)
176	sheep wool	3	sheep.wool	ȵiu	ɦɑlɑ mɑ:-le:-wu ɑ-s-məqɑ-ŋuəȵi ɦɑthɑ ȵiu-ŋuəȵi ɑ-s pɑntɕin-wu pɑntɕin tə-tʂhə-ȵi ɦɑ-tsəi de-lde-ȵi110 ȵiu pɑtʂ de-lde-ȵi ɦɑlɑ,	INT Mama-DEF:CL-AGT one-day-each-TOP INT sheep.wool-TOP one-day half.catty-INST half.catty DIR-weigh-ADV INT-this.manner DIR-spin-ADV sheep.wool ball DIR-spin-ADV INT
177	half catty	3	half.catty	pɑntɕin	ɦɑlɑ mɑ:-le:-wu ɑ-s-məqɑ-ŋuəȵi ɦɑthɑ ȵiu-ŋuəȵi ɑ-s pɑntɕin-wu pɑntɕin tə-tʂhə-ȵi ɦɑ-tsəi de-lde-ȵi110 ȵiu pɑtʂ de-lde-ȵi ɦɑlɑ,	INT Mama-DEF:CL-AGT one-day-each-TOP INT sheep.wool-TOP one-day half.catty-INST half.catty DIR-weigh-ADV INT-this.manner DIR-spin-ADV sheep.wool ball DIR-spin-ADV INT
178	spin	3	spin	lde	ɦɑlɑ mɑ:-le:-wu ɑ-s-məqɑ-ŋuəȵi ɦɑthɑ ȵiu-ŋuəȵi ɑ-s pɑntɕin-wu pɑntɕin tə-tʂhə-ȵi ɦɑ-tsəi de-lde-ȵi110 ȵiu pɑtʂ de-lde-ȵi ɦɑlɑ,	INT Mama-DEF:CL-AGT one-day-each-TOP INT sheep.wool-TOP one-day half.catty-INST half.catty DIR-weigh-ADV INT-this.manner DIR-spin-ADV sheep.wool ball DIR-spin-ADV INT
179	truly	6	truly	ʁɑt // ʁɑtɕhi	ʁɑt ŋuə-k-ȵi,	truly COP-INF-ADV
180	birthday	4	birthday	shenʐə // sənʐə	sawu-le: wutɕupu-ŋuəȵi sənʐə bələ-s pe-kui-wɑ,	older.sister-DEF:CL husband-TOP birthday do-NOM become-NAR-EMPH
181	steal	4	steal	χquatʂ // χquɑtʂ	ɦɑlɑ-ŋuəȵi ɦɑ-tu satʂů-le:-tʂi-le:-wu “pənsə u-su-ɑ-ʂə” jə-m-le:-wu,111 gəs dɑ-qɑ-ȵi tə-χquɑtʂ-ȵiɑntɕi,	INT-TOP INT-RESULT younger-sister-DEF:CL-son-DEF:CL-AGT ability DIR-learn-1sg-LNK say-NOM-DEF:CL-AGT night DIR-go-ADV DIR-steal-after
182	soldier	3	soldier	gueʴ	ɦɑ-tu tse: juɑnʁuɑi-le:-ŋuəȵi gueʴ ʐi-ʐə-kəi-ʂə,	INT-RESULT this:CL emperor-DEF:CL-TOP soldier exist-CAUS-NAR-LNK
183	little	6	little	zə // ɕi	ɦɑ-thu-ŋuəȵi ɕi-la: ataʐ-ʂɑ,	INT-there-TOP little-DEF:one:CL fast-HORT
184	fast	8	fast	ataʐ // ataʐə // jəsai // khuɑi // uɬu	ɦɑ-thu-ŋuəȵi ɕi-la: ataʐ-ʂɑ,	INT-there-TOP little-DEF:one:CL fast-HORT
185	morning	3	morning	otsůquɑ	“otsůquɑ-ŋuəȵi dɑ-ʁ dʐə-m,	morning-TOP DIR-go able-NOM
186	message	3	message	phə	ɦɑlɑ tɕetɕi-le: wu phə hɑ-ɸə-s-tɑ-jɑntɕi,	INT everywhere-DEF:CL all message DIR-blow-NOM-LOC-after
187	top	10	top	məq // q // qu // quə // qə	ɦɑ-tu tse: mi-tse:-ŋuəȵi ɦɑ-thɑ tʂhetsə-qu-tɑ sə-l-ȵi ʂputhuʂ tou-ʁɑ-ŋuəȵi keʴl-jy,	INT-RESULT this:CL person-this:CL-TOP INT-there cart-top-LOC DIR-look-ADV bamboo.tube DEF:one:CL-LOC-TOP ask-ASP
188	monk’s robe	9	monk’s.robe	jin // jən	ʐmətʂi jən-le:,	emperor monk’s.robe-DEF:CL
189	tomorrow	5	tomorrow	soqho // təp	soqho-ȵi-ŋuəȵi,”	tomorrow-ADV-TOP
190	notify	4	notify // †notify	thontʂə // thuntʂə	otsůquɑ-ŋuəȵi thuntʂə tu-pu-n-pɑ,	morning-TOP notify DIR-do-2sg-DTV
191	next	3	next	meʴʂ	ɦɑtɑ meʴʂ-tɑ-s-ʁɑ ʐmu ɦo-tsu.	INT next-DEF:one-day-LOC meeting DIR-hold
192	notice(n )	3	notice(n.)	ȵim	ɦɑ-tse:-ŋuəȵi ȵim hɑ-qə-stun,	INT-this:CL-TOP notice(n.) DIR-go-PART
193	side	3	side	xʂepi	ɦɑ-tsu tse-xʂepi ʐmətʂi jin do-ɣʐu-m-le:-wu ɦɑ-thɑ the-xʂepi-ʁɑ khuə-ŋuəȵi thɑ dɑ-l-ʐə-kui,	INT-here this-side emperor monk’s.robe DIR-lose-NOM-DEF:CL-AGT INT-that that-side-LOC dog-TOP there DIR-look-CAUS-NAR
194	anything	3	anything	iɣi	iɣi de-me-zde-kəi,	anything DIR-NEG-hit-NAR
195	hit	3	hit	zde	iɣi de-me-zde-kəi,	anything DIR-NEG-hit-NAR
196	shot	3	shot	phɑu	u-tɕu-jɑ-ȵi ɑ-phɑu qhu-ʂɑ.”	DIR-see-CSM:1sg-ADV one-shot shoot-HORT
197	shoot	5	shoot // †shoot	qhu // tɕhanpi // tɕhɑnpi	u-tɕu-jɑ-ȵi ɑ-phɑu qhu-ʂɑ.”	DIR-see-CSM:1sg-ADV one-shot shoot-HORT
198	kidney	3	kidney	ʂpəl	qɑ tshəntɕɑ qɑpə-tɕ ʂpəl ȵɑ ɕtɕi:mi sə-dza-tu,	1sg Chen.family old.man-GEN kidney COM heart DIR-eat:1sg-LNK
199	sworn brother	3	sworn.brother	lokun	lokun lokun phənjəu ɦe-se ŋuə.	sworn.brother sworn.brother friend DIR-make(friends) COP
200	goods	3	goods	χu	ɦɑ-tu χu ȵɑ thɑ-hɑn kuɑn-thɑ-m əzzi ʐi-kui.	INT-RESULT goods COM that:one-kind manage-AUX-NOM a.few exist-NAR
201	exhort	3	exhort	χte	ŋuəȵi sətsim-le:-tɑ-ŋuəȵi ə-χte-jy,	TOP wife-DEF:CL-LOC-TOP DIR-exhort-ASP
202	go // 1sg	3	go:PRS:1sg	kɑ:	ɦɑ-thɑ “ep-te: meʴʐ kɑ:,”	INT-there father-DEF:CL seek go:PRS:1sg
203	rest	3	rest	ʑdʑ	ə-zə ə-ʑdʑ-ʂɑ,”	one-CL DIR-rest-HORT
204	take out	3	take.out	xtʂe	ɦɑ-tu tə-xtʂe-kəi,	INT-RESULT DIR-take.out-NAR
205	sell	3	sell	χuɑ	gɑntsə χuɑ-m ɦɑlɑ ʐi-kəi.	saddle sell-NOM there exist-NAR
206	is possible)	3	†(is.possible)	khuoji	“khuoji təp-ȵi ʂe-ʁze-jə-u-ȵi ɑ-ʂ u-tɕu ŋuə lə khuoji,”	†(is.possible) tomorrow-ADV die-must-CSM-VIS-ADV one-time DIR-see COP also †(is.possible)
207	host/feed	4	host/feed	ɕtɕ // ɕtɕə	ɦɑlɑ tə-meʴʐ-ȵi dʐu-ŋuəȵi xsə-s dɑ-ɕtɕ-k-wɑ,	there DIR-seek-ADV guest-TOP three-day DIR-host/feed-INF-EMPH
208	immediately	3	immediately	kəntɑu	ɦɑlɑ kəntɑu ɦɑlɑ fusɑn-tu-pu-ȵi fɑ tə-l̥əlɑ-kəi-wɑ,	INT immediately INT help.up124-DIR-do-ADV clothing DIR-change-NAR-EMPH
209	earth	6	earth	zɑ // zəp // zəpəq	zəp-le: ȵi-ke: pe-ji qeʴlotʂu-ʁɑ,	earth-DEF:CL WH-INDEF:CL become-CSM in.the.past-LOC
210	one	209	DEF:one // DEF:one:CL // INDEF:one // INDEF:one:CL // WH:one // one // one:CL	a // e // e: // i // ka: // kou // kɑ // la: // lo // lou // lɑ // lɑ: // lɑw // o // ou // ta: // tou // tɑ // ȵa // ȵe // ɑ // ɑz // ə	zuɑmə-ɸu o-ʐgu-tɑ i-pi-χuɑ-ȵi,	cypress-tree one-CL-LOC DIR-hide-because-ADV
211	carry on back	2	carry.on.back	bi	ȵutɕuku dzuɑʁl e-xʂe ɦei-bi-ȵi,	each stone.mill one-CL DIR-carry.on.back-ADV
212	roll	2	roll	ɣlu	ʁu-q-tɑ-wu ɦo-ɣlu,	mountain-head-LOC-ABL DIR-roll
213	bump into	2	bump.into	tʂetup	dzuɑʁl jə-xʂe e-tʂetup-tu,	stone.mill two-CL DIR-bump.into-LNK
214	as it happens	2	as.it.happens	qhuɑt	qhuɑt e-tʂetup-wei,	as.it.happens DIR-bump.into-HS
215	Mupitha	2	Mupitha	mupithɑ	ɑpə mupithɑ-ŋuəȵi,	father(god) Mupitha-TOP
216	time	48	time // †time	i // thən // tɑu // ʁza // ʁza: // ʂ // ʂə // ʂətɕian // ʂətɕiɑn // χui	thizzi kə ʁza-ʁa,	3dl go time-LOC
217	bushel	2	bushel	quɑt	ɑpə-xsə-ŋuəȵi themle lu-zu xsə-quɑt de-l-wei,	father-god-TOP 3pl China.fir-seed three-bushel DIR-give-HS
218	plant	3	plant	phi // ɸi	ɦɑ-ʁə-ȵi ʁopu ɦe-gi-s-tɑ i-phi-kəi,	DIR-go-ADV mountain DIR-low(short)-NOM-LOC DIR-plant-NAR
219	high	2	high	wi	ʁopu ti-wi-s-tɑ i-phi-kəi,	mountain DIR-high-NOM-LOC DIR-plant-NAR
220	livestock	2	livestock	poquʂ	nai poquʂ e-khe-χan de-tɕi-le,	other livestock one-hundred-kind DIR-CON-give
221	thousand	2	thousand	stu	ɑ-stu-χɑn phuxʂu-ŋuəȵi themle-steke ɑ-dzɑ-ʐ-ȵi.	one-thousand-kind wild.creatures-TOP 3pl-behind DIR-follow-CAUS-ADV
222	inside	13	inside	ků // tɕiq // tɕiquɑ // ʐɑχuɑ	mutsitʂu ȵɑ tugantʂu-ŋuəȵi ɕtɕi-ků tə-nɑ-wei,	Mutsitʂu COM Tugantʂu-TOP heart/mind-inside DIR-good-HS
223	song	2	song	zəm	gue:ʴ-tɑ kə ʁza-ʁɑ zəm ɦɑ-tshuə-ȵi,	road-LOC go time-LOC song DIR-sing-ADV
224	see	11	see	l // tse // tɕu	hɑ-l-ȵi mutu-lɑ tə-lə-ȵi tse-i,	DIR-look-ADV heaven-LOC DIR-look-LNK see-HS
225	wild animals	2	wild.animals	phuxʂu	ȵile-steke ɑ-stu-χɑn phuxʂu doqu-ʐ-ək tɕetɕi-lɑ du-fu-wei,	3plREFL-behind one-thousand-kind wild.animals frighten-CAUS-INF everywhere-LOC DIR-flee-HS
226	sow	2	sow	se	e-tʂequɑ de-tshe-ȵi lu-zu-lɑ-hɑ ʁopu ti-wi-s-tɑ de-se-ku,	DIR-remember DIR-wrong-ADV China.fir-seed-DEF:one-pl mountain DIR-high-NOM-LOC DIR-sow-NAR
227	short	2	short	gi	tshəmɑ we-tɕ səɸ-zu-lɑ-hɑ-ŋuəȵi ʁopu ɦe-gi-s-tɑ de-se-ku,	thorn exist-GEN tree-seed-DEF:one-pl-TOP mountain DIR-short-NOM-LOC DIR-sow-NAR
228	very	5	very	gən // kən // wa	thizzi zɑ-ʁə bəl-dʐə-wa-χuɑ-ȵi,	3dl earth-LOC do-able-very-because-ADV
229	mother	6	mother	ew // mɑ // əw	ep lə me-ʐi ew lə me-ʐi ke: ŋuə-kəi-tɕu,	father also NEG-exist mother also NEG-exist INDEF:CL COP-NAR-PART
230	exist // 1sg	2	exist:1sg	ʐa	ɦɑ “qɑ tɕəu-lɑ ou-tɕi me-ʐa-wɑ,	INT 1sg home-LOC one:CL-EXC NEG-exist:1sg-EMPH
231	stone mortar	3	stone.mortar	jankhui // jɑnkhui	jɑnkhui ʂəʂə:ʴwu i-pə-l-kui-tɕu.	stone.mortar exist:REDUP:all DIR-arrive-come-NAR-PART
232	be afraid	2	be.afraid	qu	“maha tɕo-qu-n-pɑ,	night NEG.IMP-be.afraid-2sg-DTV
233	arrange	2	arrange	gɑnphai	tu the-maha-ŋuəȵi tɕiu ʂəʂe:ʴwu ȵiɑntɕi gɑnphai-tu-pů-kəi-stu,	RESULT that-night-TOP †(then) exist:REDUP:all together arrange-DIR-do-NAR-PART
234	stab	2	stab	tʂə	χa-le:-ŋuəȵi ɦɑlɑ dʑy-le:-ʁɑ ə-tʂə-ȵi ɦɑlɑ dʑy-le:-ʁɑ ʐi-kəi,	needle-DEF:CL-TOP INT door-DEF:CL-LOC DIR-stab-ADV INT door-DEF:CL-LOC exist-NAR
235	child	2	child	tɕymi	tsou tɕymi-lou-tɑ zə-lɑ-kui-tu,	this:one:CL child-DEF:one:CL-DAT DIR-come-NAR-LNK
236	push	2	push	ɕtɕi	dʑy-la:-ʁa qeʴ ʂpɑʂpɑ dʑy-le:-tɑ dzeke i-ɕtɕi-kəi-tɕu,	door-DEF:CL-LOC before like/as door-DEF:CL-LOC (onomatopoeia) DIR-push-NAR-PART
237	blood	3	blood	sɑ // sɑq	χa-lɑ-hɑ jɑpə-le:-tɑ ə-tʂə-ȵiɑufu sɑq-phi-ke: ə-ʂə-kui-tɕu,	needle-DEF:one-pl hand-DEF:CL-LOC DIR-stab-LNK(as.soon.as) blood-flow-INDEF:CL DIR-put-NAR-PART
238	driping	2	driping	tuetue	sɑ tuetue-ke:-tɕi dɑ-qɑ-jɑntɕi,	blood driping-INDEF:CL-ADV DIR-go-after
239	explode	2	explode	ʂp	xsə ɕtɕiɕtɕɑq-lɑ-hɑ da-ʂp-jə-kui-stu,	new(again) magpie-DEF:one-pl DIR-explode-REP-NAR-PART
240	face	3	face	quaha // quɑha	quaha-lo-qu χuəlɑ kɑntɕhi-kəi-wɑ,	face-DEF:one-CL wash think/want-NAR-EMPH
241	wash	2	wash	χuəlɑ	quaha-lo-qu χuəlɑ kɑntɕhi-kəi-wɑ,	face-DEF:one-CL wash think/want-NAR-EMPH
242	peck	3	peck	tshuete // tshuɑq	noʁu-le-tɕi-wu tshuɑq tshuɑq dɑ-sə-ʐ,	crow-DEF-CL-AGT peck peck DIR-make.sound-CAUS
243	eye	3	eye	mi: // miɑuʁdʐue	miɑuʁdʐue-la:-ʁa i-tshuete-kui-stu.	eye-DEF:CL-LOC DIR-peck-NAR-PART
244	floor	2	floor	dʑiq	dɑ-ɬɑ buzd-le:-tɑ dʑiq ɦɑ-qə-i-stu.	DIR-slip plank.stairs-DEF:CL-LOC floor DIR-go-HS-PART
245	daugher	2	daugher	tsi	“ʔũ tsi-lɑ-hɑn qɑ e: de-mə-l-əs-te:-wu,	2sg daugher-DEF:one-kind 1sg one:CL DIR-NEG-give-NOM-DEF:CL-LNK
246	most	2	most	tɕi	tsi tɕi-χtʂɑ-le:-ŋuəȵi,	daugher most-small-DEF:CL-TOP
247	not as good as	2	not.as.good.as	qəstɑ	ʔũ-jɑpə-le: da-g-ʐ̥ə-qəstɑ,	2sg-hand-DEF:CL DIR-break-CAUS-not.as.good.as
248	momo(steamed bread)	2	momo(steamed.bread)	qhɑl	ɦɑlɑ qhɑl a-g̥u̥ə u-lu-kui,	INT momo(steamed.bread) one-basketful DIR-give.as.gift-NAR
249	basketful	2	basketful	g̥u̥ə	ɦɑlɑ qhɑl a-g̥u̥ə u-lu-kui,	INT momo(steamed.bread) one-basketful DIR-give.as.gift-NAR
250	chicken	2	chicken	tɕy	mi tɕiquɑ-lɑ-ŋuəȵi tɕy-le:-ŋuəȵi ʁoi-kə-m he-ɕi-kui-stũ.	person inside-LOC-TOP chicken-DEF:CL-TOP call-go-NOM DIR-send-NAR-PART
251	sound	2	sound	sɑ	xsə sɑ jə-kui-tɕu.	three sound say-NAR-PART
252	pig	2	pig	pie	pie-le: hɑ-lə-jə-kui-stũ.	pig-DEF:CL DIR-come-REP-NAR-PART
253	clothing	5	clothing	fɑ // phusuluq	qɑ-phusuluq-te: ɦe-ge-n-bɑ,	1sg-clothing-DEF:CL DIR-hold-2sg-DTV
254	sisters	2	sisters	tsisatʂů	tsisatʂů jə-zi ŋuə-kəi-wɑ,	sisters two-CL COP-NAR-EMPH
255	ball	2	ball	pɑtʂ	ɦɑlɑ mɑ:-le:-wu ɑ-s-məqɑ-ŋuəȵi ɦɑthɑ ȵiu-ŋuəȵi ɑ-s pɑntɕin-wu pɑntɕin tə-tʂhə-ȵi ɦɑ-tsəi de-lde-ȵi110 ȵiu pɑtʂ de-lde-ȵi ɦɑlɑ,	INT Mama-DEF:CL-AGT one-day-each-TOP INT sheep.wool-TOP one-day half.catty-INST half.catty DIR-weigh-ADV INT-this.manner DIR-spin-ADV sheep.wool ball DIR-spin-ADV INT
256	market	5	market	tʂhaq // tʂhɑq // tʂhə	ɦɑlɑ tʂhɑq-tɑ sə-ʁ-ȵi ɕi topu-wa-le: ŋuə-kəi,	INT market-LOC DIR-go-ADV wine like-very-DEF:CL COP-NAR
257	like	2	like	topu	ɦɑlɑ tʂhɑq-tɑ sə-ʁ-ȵi ɕi topu-wa-le: ŋuə-kəi,	INT market-LOC DIR-go-ADV wine like-very-DEF:CL COP-NAR
258	all	9	NOM:all // all	le:ʴwu // meʴwu // mə:ʴwu // neʴwu // wu	ɦɑ-kə ʔile-wu ɦe-dʑe lɑ-hɑn-neʴwu ə-m ɣʐə-tɕ,	INT-thus 2pl-AGT DIR-say DEF:one-kind-all DIR-hear able-NOM
259	oldr sistr	2	oldr.sistr	sawu	ɦɑ-tu sawu-le:-tɕ,	INT-RESULT oldr.sistr-DEF:CL-GEN
260	one // kind	2	DEF:one:kind	lɑχ	ʐmətʂi lɑχ “juɑnʁuɑi” ʂpə-x-ʂ,	emperor DEF:one:kind emperor call-INF-LNK
261	cowpen	2	cowpen	tɕaʁa	ʐbə-ŋuəȵi xsə-zi zə-p-ȵi tɕaʁa-lɑ ɦɑ-ʑdʑy-ȵi ʐi-ʐə-kui-tɕu.	yak-TOP three-CL DIR-buy-ADV cowpen-LOC DIR-tether-ADV exist-CAUS-NAR-PART
262	cross	4	cross // cross:PRS	χlɑ // χɬɑ // χɬɑ:	məq-tɑ tuŋtuŋ ʐo:puɑ-lɑ ʁu dɑ-χlɑ-jə-s-tɑ ɦɑ-ʑdʑy-ȵi i-ɕi-kui-wɑ.	above-LOC cave cave-LOC mountain DIR-cross-CSM-NOM-LOC DIR-tether-ADV DIR-put-NAR-EMPH
263	represent	2	represent	tʂi	u-ʐmu-ȵi i-tʂi-ʐ dʐə,	DIR-dream-ADV DIR-represent-CAUS able
264	cliff cave	2	cliff.cave	tuŋtuŋ	χaiʂə ȵi:-wu ɦɑlɑ ɦɑ-ʑdʑy-ȵi tə-χquatʂ-ȵi ɦɑlɑ ɦɑ-ʑdʑy-ȵi tuŋtuŋ ʐo:puɑ i-ɕi ŋuə-ku-tu.	†(still.is) 3sgREFL-AGT INT DIR-tether-ADV DIR-steal-ADV INT DIR-tether-ADV cliff.cave cave DIR-put COP-NAR-LNK
265	date	2	date	zət	zət ɑ-s ə-ʂ-kəi,	date one-day DIR-put-NAR
266	thief	2	thief	ʂku	ʂku-wu tə-χquɑtʂ-ȵi ɦɑlɑ tuŋtuŋ ʐo:pɑ ɦɑ-ʑdʑy-ȵi ʐi-ʐ.	thief-AGT DIR-steal-ADV there cliff.cave cave DIR-tether-ADV exist-CAUS
267	take	2	take	kue	ɦɑ-tsoqpi-wu phə he-kue-ȵi,	INT-this:family-AGT message DIR-take-ADV
268	set	2	set	tin	ʂətɕiɑn ə-tin-thɑ-kəi,	†time DIR-set-AUX-NAR
269	difficult	3	difficult	ʂqu // χqu	“ɕtɕə-s-ʁɑ-ŋuəȵi tse: ʐmətʂi jin-ne: ɑ-zə χqu ɦɑtə u-ʐmu-ȵi i-tʂi-s-le: ŋuə-ʂ,	seven-day-LOC-TOP this:CL emperor monk’s.robe-DEF:CL one-little difficult INT DIR-dream-ADV DIR-sign-NOM-DEF:CL COP-LNK
270	move	2	move	quq	qɑ-jin-le:-ŋuəȵi e:-wu nai-ɑ-ʂpəq-tɑ do-quq ʁu-ʂ,”	1sg-monk’s.robe-DEF:CL-TOP one:CL-AGT other-one-place-LOC DIR-move willing-LNK
271	big	2	big	ba	stuɑhɑ χaiʂə ba kə tɕhə-kəpə-k,	rice/food †(still.is) big thus eat-HABIT-INF
272	toilet	7	toilet	mɑutshɑ // mɑutshə	mɑutshɑ sei-jə-kə hɑ-qə-kəi-tu.	toilet relieve.oneself-REP-go DIR-go-NAR-LNK
273	this person)	2	†(this.person)	tʂekəʐənla	ɦɑ-tu tʂekəʐənla mi-tse-ze-ŋuəȵi,	INT-RESULT †(this.person) person-this-CL-TOP
274	wait	2	wait	zu	ɦɑ-tu puȵu-le:-wu ɦɑ-thɑ ʐmətʂi jin-le:-tɑ ɦɑ-ʁdʐe-jantɕi ɦɑlɑ u-zu-ȵi ʐi-kui-hɑ,	INT-RESULT cat-DEF:CL-AGT INT-there emperor monk’s.robe-DEF:CL-LOC DIR-bite-after there DIR-wait-ADV exist-NAR-PART
275	count	3	count	ʂe // ʂə	ɦɑlɑ puȵu-le:-tɑ zə-ʐ-ȵiɑntɕi ɦɑlɑ ʁɑ-ŋuəȵi ɕtɕi-ɸi tə-ʂe.	there cat-DEF:CL-DAT DIR-bring-after INT roof.tile-TOP seven-CL DIR-count
276	be possible)	2	†(be.possible)	khuoji	(“təp-ȵi” jə lə khuoji,	tomorrow-ADV say also †(be.possible)
277	bird	2	bird	wətshi	gənkuo wətshi-ŋuəȵi gən phulu χaiʂə pɑufu-le: ŋuə-s kɑ-hɑn ŋuə-kuɑ-ji,	parrot bird-TOP very expensive †(still.is) retaliation-DEF:CL COP-NOM INDEF:one-kind COP-NAR-HS
278	be hungry	2	be.hungry	ʂue	χuopɑu ŋuə-ʂə ɦe-ʂue-ȵi ɑ-ʂpɑ-lɑ die-ʂe-kə ʁu.”	live.treasure COP-LNK DIR-be.hungry-ADV one-place-LOC DIR-die-INF may
279	may	2	may	ʁu	χuopɑu ŋuə-ʂə ɦe-ʂue-ȵi ɑ-ʂpɑ-lɑ die-ʂe-kə ʁu.”	live.treasure COP-LNK DIR-be.hungry-ADV one-place-LOC DIR-die-INF may
280	street edge	2	†street.edge	kaijuɑn	ʁəʴ-tɑ-ŋuəȵi kaijuɑn-ʁɑ ʂpə me-we-m me-ʐi,	Han.person-DAT-TOP †street.edge-LOC bamboo NEG-exist-NOM NEG-exist
281	rope	2	rope	xʂul	ɦɑ-thɑ genkuo-le:-ŋuəȵi ɣzəifɑ qə-tɑ-ŋuəȵi xʂul lou tə-χʂə-ȵi wet lou ɦɑ-ke tə-tʂhe-le: we-kui-wɑ,	INT-there parrot-DEF:CL-TOP wing top-LOC-TOP rope DEF:one:CL DIR-tie-ADV stick DEF:one:CL INT-thus DIR-support-DEF:CL exist-NAR-EMPH
282	food	2	food	stuɑhɑ	ɦa-ka:-ʁɑ stuɑhɑ tɕhə-s ɦɑ-kɑ-hɑn lez tə-ʁə-s-le: we-kuai.	INT-INDEF:one:CL-LOC food eat-NOM INT-INDEF:one-kind fate/destiny DIR-go-NOM-DEF:CL exist-NAR
283	name	2	name	ʐmə	qɑ tɕiq dʑe-s-tɑ-ŋuəȵi ʐmə-lɑ-sɑ dɑ-m-ɑ,	1sg inside say-NOM-LOC-TOP name-DEF:one-CL DIR-forget-1sg
284	strangle(n )	2	strangle(n.)	gəz	jɑutsan-le:-ŋuəȵi gəz nə-qəti-kui.	man.eating.demon-DEF:CL-TOP strangle(n.) DIR-kill-NAR
285	change	8	change	l̥əlɑ // pian // piɑn	jɑutsan-le:-ŋuəȵi tə-pian-thɑ-ji ŋuə-kui-wɑ.	man.eating.demon-DEF:CL-TOP DIR-change-AUX-CSM COP-NAR-EMPH
286	recover	2	recover	xʂu	“ʑdʑi ɦo-tʂhup-ȵi ʑdʑi u-xʂu mɑ-lə,	sick DIR-cure-ADV sick DIR-recover NEG-able
287	anyway is)	2	†(anyway.is)	fɑntʂənʂə	qɑ-ŋuəȵi fɑntʂənʂə ʐmətʂi tsoqpi jəpɑ-q-tɑ-ŋuəȵi do-χlu mɑ-lə-jya,	1sg-TOP †(anyway.is) emperor this:family hand-top-LOC-TOP DIR-escape NEG-able-ASP:1sg
288	village	3	village	tshin // tshɑ	tʂi-le:-ŋuəȵi du-ɸu-ȵi nai-e-tshin-ʁɑ i-pə-kəi-wɑ,	son-DEF:CL-TOP run.away-ADV other-one-village-LOC DIR-arrive-NAR-EMPH
289	make(friends) // 1pl	2	make(friends):1pl	seʴ	tɕɑ-lɑ tshɑ-lɑ-ʁɑ-ŋuəȵi “ɦɑ-tsəi lokun ɦe-seʴ-ʂ,	where-LOC village-LOC-LOC-TOP INT-this.manner sworn.brother DIR-make(friends):1pl-LNK
290	chase	2	chase	dzɑ	xsə nai-e-fən-ʁɑ χaiʂə meʴʐə-lə-m-ŋuəȵi steke-lɑ ə-dzɑ-lu-kui.	new(again) other-one-CL-LOC †(still.is) seek-come-NOM-TOP behind-LOC DIR-chase-come-NAR
291	meet	2	meet	tsu	qe:ʴ ʂpaʂpa ɦɑ-ke: tu-tsu-jə-kəi.	before same.way INT-INDEF:CL DIR-meet-REP-NAR
292	consider	2	consider	sun	ʔũ qɑ mɑ-sun-ʂə,”	2sg 1sg NEG-consider-LNK
293	fight	9	fight	quɑ // quɑq // quəqua // quəquɑ	nə-quɑq-tɕə-i.	DIR-fight-3pl-HS
294	ought // 1pl	2	ought:1pl	qaʴ	ʔũ ȵɑ qɑ quəquɑ ma-qaʴ,	2sg COM 1sg fight NEG-ought:1pl
295	stop	3	stop	tɕ // χə	quəquɑ a-χə-ȵi dɑ-qə-kəi-hɑ.	fight DIR-stop-LNK DIR-go-NAR-PART
296	stay/live	2	stay/live	wəi	ɦɑlɑ xsə-tɕi-la:-ʁɑ ə-wəi-jə-kəi ha,	INT god-house(temple)-DEF:CL-LOC DIR-stay/live-REP-NAR INT
297	younger brother	2	younger.brother	tutʂ	qɑ-tutʂ ȵi:-ke: u-ʐmu-n-ɑ?”	1sg-younger.brother WH-INDEF:CL DIR-dream-2sg-Q
298	thirsty	2	thirsty	ɕpi	tsə ɦe-ɕpi-kei,	water DIR-thirsty-NAR
299	die // 1sg	2	die:1sg	ʂa	ɦɑ-tu sə-tɕh-ȵi qɑ die-me-ʂa-tu,	INT-RESULT DIR-drink-ADV 1sg DIR-NEG-die:1sg-LNK
300	pack	2	pack	le	tshəntɕɑ qɑpɑ ȵɑ tshəntitɕhin kuɑntɑusəje ɦɑlɑ ɦe-le-ȵi ʂə-ʐə-kui ha,	Chen.family old.man COM Chen.Diqing sword.and.bow INT DIR-pack-ADV exist-CAUS-NAR INT
301	lift	4	lift	qe // tsi	ɦɑlɑ ʂəpɑn-le: ɕa-la: tə-qe-kəi-tu.	INT stone.slab-DEF:CL small-DEF:CL DIR-lift-NAR-LNK
302	jump	2	jump	χsu	jə-ze wu u-χsu,	two-CL all DIR-jump
303	ride	3	ride	qtʂi // qətʂi	kuɑntɑusəje sin tə-qətʂi-ȵi dɑ-qə-kəi-wɑ.	sword.and.bow lion DIR-ride-ADV DIR-go-NAR-EMPH
304	already)	2	†(already)	jitɕin	tshəntɕɑ qɑpə-ŋuəȵi qe:ʴ jitɕin jautsan dʑemi pe-m-le:-wu ʂpəl ȵɑ ɕtɕi:mi ha-xtʂe-ȵi jitɕin the-xʂepi-ʁɑ ə-ʁɑ-s-tɑ ɦɑlɑ tə-pian-thɑ-kəi,	Chen.family old.man-TOP before †(already) man.eating.demon Dʑemi become-NOM-DEF:CL-AGT kidney COM heart DIR-take.out-ADV †(already) that-side-LOC DIR-go-NOM-LOC INT DIR-change-AUX-NAR
305	fit	2	fit	χoʂu	tɕile sin-la:-ʁɑ χoʂu-ʂə ɦɑ-ʂ-ʂɑ.	1pl lion-DEF:CL-LOC fit-LNK DIR-put-HORT
306	finish	2	finish	s	steke ȵi:-epə-te:-tɕ gueʴ-ŋuəȵi nə-qəti dɑ-s.	behind 3sgREFL-father-DEF:CL-GEN army-TOP DIR-beat.to.death DIR-finish
307	medicine	2	medicine	sipe	thɑnkhemu ȵɑ likhemu-ŋuəȵi titɑu-ʁɑ a-ʁů-ȵi ȵisues me-le:-tɕ-ŋuəȵi sipe dɑ-ɕtɕ-jə,	Thɑnkhemu COM Likhemu-TOP tunnel-LOC DIR-throw-ADV nearly.dead NEG-exist-GEN-TOP medicine DIR-feed-CSM
308	feed	2	feed	ɕtɕ	thɑnkhemu ȵɑ likhemu-ŋuəȵi titɑu-ʁɑ a-ʁů-ȵi ȵisues me-le:-tɕ-ŋuəȵi sipe dɑ-ɕtɕ-jə,	Thɑnkhemu COM Likhemu-TOP tunnel-LOC DIR-throw-ADV nearly.dead NEG-exist-GEN-TOP medicine DIR-feed-CSM
309	must	3	must	ʁza: // ʁze	“soqho-ŋuəȵi tɕile ʂe ʁze-jy,	tomorrow-TOP 1pl die must-ASP
310	demand	2	demand	jɑutɕhiu	ʐmətʂi-le:-tɑ-ŋuəȵi ɦɑ-kə jɑutɕhiu-tu-pu-k-kui-stu.	emperor-DEF:CL-DAT-TOP INT-thus demand-DIR-do-go-NAR-PART
311	help	2	help	wutʂhu	ɦɑ-tu wutʂhu-pu-m-le-ɣlə-tɑ,	INT-RESULT help-do-NOM-DEF-pl-LOC
312	pile	2	pile	w	kɑnthɑn mudʑu-ŋuəȵi ɑ-w phə tɕhe-wɑ,	†charcoal charcoal-TOP one-pile blow(burn) want-DTV
313	blow(burn)	2	blow(burn)	phə	kɑnthɑn mudʑu-ŋuəȵi ɑ-w phə tɕhe-wɑ,	†charcoal charcoal-TOP one-pile blow(burn) want-DTV
314	prepare	2	prepare	qəʑdʑi	ɦɑlɑ qəti qəʑdʑi-jə-kui.	INT kill prepare-CSM-NAR
315	affair	2	affair	ʐə	ɦɑ ʐə ɦɑ-qə-ʐə-k-wɑ,	INT affair DIR-go-CAUS-INF-EMPH
316	guest	2	guest	dʐu	ɦɑlɑ tə-meʴʐ-ȵi dʐu-ŋuəȵi xsə-s dɑ-ɕtɕ-k-wɑ,	there DIR-seek-ADV guest-TOP three-day DIR-host/feed-INF-EMPH
317	four	2	four	ɣʐə	ɦɑtə ɣʐə-s-tɑ-s-ʁɑ dɑ-tɕ-kə-tu,	INT four-day-DEF:one-day-LOC DIR-find-go-LNK
318	be last	2	be.last	xʂə	ɦɑlɑ sə-xʂə-s-tɑ ʐə-m ɦɑlɑ tsəzzi-ŋuəȵi thɑnkhemu ȵɑ likhemu-tɕ mɑ: ləzzi-ŋuəȵi do-qu-kəi,	INT DIR-be.last-NOM-LOC exist-NOM INT this:two:CL-TOP Thɑnkhemu COM Likhemu-GEN mama DEF:two:CL-TOP DIR-afraid-NAR
319	think	2	think	ʐbotɕu	ɦɑ-ke ʐbotɕu-kəi,	INT-thus think-NAR
320	in the past	1	in.the.past	qeʴlotʂu	zəp-le: ȵi-ke: pe-ji qeʴlotʂu-ʁɑ,	earth-DEF:CL WH-INDEF:CL become-CSM in.the.past-LOC
321	sun	1	sun	mujuqů	mutu-lɑ mujuqů ʐguə-zi we-i,	heaven-LOC sun nine-CL exist-HS
322	nine	1	nine	ʐguə	mutu-lɑ mujuqů ʐguə-zi we-i,	heaven-LOC sun nine-CL exist-HS
323	burn	3	burn	se // tɕhəqhɑ // xtɕu	zəp-le: ə-tɕhəqhɑ-ʐ-əi.	earth-DEF:CL DIR-burn-CAUS-HS
324	cypress	1	cypress	zuɑmə	zuɑmə-ɸu o-ʐgu-tɑ i-pi-χuɑ-ȵi,	cypress-tree one-CL-LOC DIR-hide-because-ADV
325	tree	5	tree	səɸ // səɸů // ɸu	zuɑmə-ɸu o-ʐgu-tɑ i-pi-χuɑ-ȵi,	cypress-tree one-CL-LOC DIR-hide-because-ADV
326	hide	6	hide	pi // ʂuə	zuɑmə-ɸu o-ʐgu-tɑ i-pi-χuɑ-ȵi,	cypress-tree one-CL-LOC DIR-hide-because-ADV
327	raise(child)	1	raise(child)	peʴʐə	steke-tɑ mi peʴʐə-s ŋuə-χuɑ-ȵi,	later-LOC people raise(child)-NOM COP-because-ADV
328	discuss	7	discuss // †discuss	dʐi // dʑe // thɑuluɑn // wu // ʂəȵi	mə ȵɑ ɣlu lə-zi i-dʐi-tɕi,	older.brother COM younger.sister DEF-CL DIR-discuss-3pl
329	each	3	each	mɑqɑ // məqɑ // ȵutɕuku	ȵutɕuku dzuɑʁl e-xʂe ɦei-bi-ȵi,	each stone.mill one-CL DIR-carry.on.back-ADV
330	head	10	head // head:LOC	q // qap // qə // qəpɑtʂɑ:	ʁu-q-tɑ-wu ɦo-ɣlu,	mountain-head-LOC-ABL DIR-roll
331	3dl	9	3dl	thizzi // thəzzi // ȵizzi	ȵizzi oqpi pə-s,	3dl one:family do-NOM
332	form	2	form	qes // qəs	ɣlu-le: mi qes mɑ-ŋ̥u̥ə̥ ke: i-ɕi.	younger.sister-DEF:CL people form NEG-COP INDEF:CL DIR-release
333	angry	1	angry	khueq	mə-le: tə-khueq,	older.brother-DEF:CL DIR-angry
334	scythe	1	scythe	duɑʁl	duɑʁl-le:-wu sə-xte-ȵi tɕetɕi-lɑ da-ʁů.	scythe-DEF:CL-INST DIR-chop-LNK everywhere-LOC DIR-throw(away)
335	chop	1	chop	xte	duɑʁl-le:-wu sə-xte-ȵi tɕetɕi-lɑ da-ʁů.	scythe-DEF:CL-INST DIR-chop-LNK everywhere-LOC DIR-throw(away)
336	throw(away)	1	throw(away)	ʁů	duɑʁl-le:-wu sə-xte-ȵi tɕetɕi-lɑ da-ʁů.	scythe-DEF:CL-INST DIR-chop-LNK everywhere-LOC DIR-throw(away)
337	smoke	1	smoke	mufů	tɕetɕi-lɑ-wu mufů tə-lɑ-ji,	everywhere-LOC-ABL smoke DIR-come-CSM
338	father(god)	1	father(god)	ɑpə	ɑpə mupithɑ-ŋuəȵi,	father(god) Mupitha-TOP
339	2dl	1	2dl	ʔizzi	“ʔizzi zəpəq-tɑ ɦa-ʁa-i-ta ɦɑ-ʁə-i.”	2dl earth-LOC DIR-go-2pl-if DIR-go-2pl
340	go	157	go // go:EMPH // go:PRS	k // ka: // ku // kɑ: // kə // kə: // qɑ // qə // ʁ // ʁa // ʁɑ // ʁə	“ʔizzi zəpəq-tɑ ɦa-ʁa-i-ta ɦɑ-ʁə-i.”	2dl earth-LOC DIR-go-2pl-if DIR-go-2pl
341	father	29	father	ep // epə // tɑtə // ɑpə	ɑpə-xsə-ŋuəȵi themle lu-zu xsə-quɑt de-l-wei,	father-god-TOP 3pl China.fir-seed three-bushel DIR-give-HS
342	low(short)	1	low(short)	gi	ɦɑ-ʁə-ȵi ʁopu ɦe-gi-s-tɑ i-phi-kəi,	DIR-go-ADV mountain DIR-low(short)-NOM-LOC DIR-plant-NAR
343	hundred	1	hundred	khe	nai poquʂ e-khe-χan de-tɕi-le,	other livestock one-hundred-kind DIR-CON-give
344	kind	69	kind	hɑn // χan // χɑn // χən	nai poquʂ e-khe-χan de-tɕi-le,	other livestock one-hundred-kind DIR-CON-give
345	drive ahead	1	drive.ahead	wɑʁ	thizzi tə-wɑʁ,	3dl DIR-drive.ahead
346	wild creatures	1	wild.creatures	phuxʂu	ɑ-stu-χɑn phuxʂu-ŋuəȵi themle-steke ɑ-dzɑ-ʐ-ȵi.	one-thousand-kind wild.creatures-TOP 3pl-behind DIR-follow-CAUS-ADV
347	follow	2	follow	dzɑ // ʐə	ɑ-stu-χɑn phuxʂu-ŋuəȵi themle-steke ɑ-dzɑ-ʐ-ȵi.	one-thousand-kind wild.creatures-TOP 3pl-behind DIR-follow-CAUS-ADV
348	separate/divide/leave	1	separate/divide/leave	qala	qala-ʁa,	separate/divide/leave-LOC
349	NEG IMP	5	NEG.IMP	tɕe // tɕi // tɕo // tɕu // tɕɑ	“ʔile gue:ʴ-tɑ-ŋuəȵi hɑ-l-ȵi mutu-lɑ tɕe-tse-ʂu.”	2pl road-LOC-TOP DIR-look-ADV heaven-LOC NEG.IMP-look-DTV
350	heart/mind	1	heart/mind	ɕtɕi	mutsitʂu ȵɑ tugantʂu-ŋuəȵi ɕtɕi-ků tə-nɑ-wei,	Mutsitʂu COM Tugantʂu-TOP heart/mind-inside DIR-good-HS
351	good	3	good	nɑ // nə // χɑu	mutsitʂu ȵɑ tugantʂu-ŋuəȵi ɕtɕi-ků tə-nɑ-wei,	Mutsitʂu COM Tugantʂu-TOP heart/mind-inside DIR-good-HS
352	sing	1	sing	tshuə	gue:ʴ-tɑ kə ʁza-ʁɑ zəm ɦɑ-tshuə-ȵi,	road-LOC go time-LOC song DIR-sing-ADV
353	jump/dance	1	jump/dance	χsu	zəm tu-χsu-ȵi lu-ji.	song DIR-jump/dance-LNK come-CSM
354	as a result	1	as.a.result	thəpɑktɑ	thəpɑktɑ,	as.a.result
355	3plREFL	1	3plREFL	ȵile	ȵile-steke ɑ-stu-χɑn phuxʂu doqu-ʐ-ək tɕetɕi-lɑ du-fu-wei,	3plREFL-behind one-thousand-kind wild.animals frighten-CAUS-INF everywhere-LOC DIR-flee-HS
356	frighten	1	frighten	doqu	ȵile-steke ɑ-stu-χɑn phuxʂu doqu-ʐ-ək tɕetɕi-lɑ du-fu-wei,	3plREFL-behind one-thousand-kind wild.animals frighten-CAUS-INF everywhere-LOC DIR-flee-HS
357	flee	1	flee	fu	ȵile-steke ɑ-stu-χɑn phuxʂu doqu-ʐ-ək tɕetɕi-lɑ du-fu-wei,	3plREFL-behind one-thousand-kind wild.animals frighten-CAUS-INF everywhere-LOC DIR-flee-HS
358	forest	1	forest	phu	pitɕ phu-ʁɑ ʐi-m phuxʂu pe-wei.	now forest-LOC exist-NOM wild.animals become-HS
359	remember	1	remember	tʂequɑ	e-tʂequɑ de-tshe-ȵi lu-zu-lɑ-hɑ ʁopu ti-wi-s-tɑ de-se-ku,	DIR-remember DIR-wrong-ADV China.fir-seed-DEF:one-pl mountain DIR-high-NOM-LOC DIR-sow-NAR
360	wrong	1	wrong	tshe	e-tʂequɑ de-tshe-ȵi lu-zu-lɑ-hɑ ʁopu ti-wi-s-tɑ de-se-ku,	DIR-remember DIR-wrong-ADV China.fir-seed-DEF:one-pl mountain DIR-high-NOM-LOC DIR-sow-NAR
361	cut	3	cut	tuɑ // x	lu te-x-ȵi104 tɕiʁuɑ tə-ɬi,	China.fir DIR-cut-ADV house DIR-build
362	house	4	house	tɕi // tɕiʁuɑ	lu te-x-ȵi104 tɕiʁuɑ tə-ɬi,	China.fir DIR-cut-ADV house DIR-build
363	build	1	build	ɬi	lu te-x-ȵi104 tɕiʁuɑ tə-ɬi,	China.fir DIR-cut-ADV house DIR-build
364	cut down	1	cut.down	xte	tshəmɑ ɦa-xte-ȵi zə tə-ʐge,	thorn DIR-cut.down-ADV land DIR-open
365	land	1	land	zə	tshəmɑ ɦa-xte-ȵi zə tə-ʐge,	thorn DIR-cut.down-ADV land DIR-open
366	open	3	open	qheʴ // qhəʴqhəʴ // ʐge	tshəmɑ ɦa-xte-ȵi zə tə-ʐge,	thorn DIR-cut.down-ADV land DIR-open
367	humankind	1	humankind	ʐmə	ʐmə tɕhe-tɕ ʐguə i-ɸi-ji.	humankind want-GEN grain DIR-plant-CSM
368	grain	1	grain	ʐguə	ʐmə tɕhe-tɕ ʐguə i-ɸi-ji.	humankind want-GEN grain DIR-plant-CSM
369	orphan	15	orphan	kɑpətttʂ // kɑpətʂ	kɑpətttʂ kou qe:ʴ-qe:ʴ-tu ɦɑlɑ kɑpətʂ kou ŋuə-kei-tɕu,	orphan INDEF:one:CL before-before-LNK INT orphan INDEF:one:CL COP-NAR-PART
370	get dark	7	get.dark // get.dark:PRS	xtʂə // xtʂəp // xtʂəpɑ:	kɑpətʂ tou gəs-tɑ ɦɑ-xtʂə-pɑ:-jə-tu qu-kəpə-kəi-ʂ,	orphan DEF:one:CL night-LOC DIR-get.dark-become:PRS-REP-LNK ɦe-afraid-HABIT-NAR-LNK
371	when	1	when	ʁza	tɕəu-lɑ kə ʁza-ʁɑ,	home-LOC go when-LOC
372	alone	1	alone	stu	“qɑ tɕəu-lɑ o-zů-ȵi qɑ ou-stu je qu-ɑ-wɑ,”	1sg home-LOC DIR-sit-ADV 1sg one:CL-alone live/stay afraid-1sg-EMPH
373	cry,	1	cry,	zei	tu ɦala ɦe-zei,	RESULT INT DIR-cry,
374	friend	2	friend	gul // phənjəu	“ʔũ-gul zu-lu-ɑ:-wɑ,”	2sg-friend DIR-come-1sg:PRS-EMPH
375	magpie	5	magpie	ɕtɕiɕtɕaq // ɕtɕiɕtɕiɑq // ɕtɕiɕtɕɑq // ɕtɕəɕtɕɑq	χaiʂə xsə ɕtɕiɕtɕiɑq tou-ȵɑ e-tʂepe-kə-jə-kei-tɕu,	†(still.is) new(again) magpie DEF:one:CL-COM DIR-encounter-go-REP-NAR-PART
376	live	1	live	jə	ʔũ-gul i-jə-lɑ-wɑ,”	2sg-companion DIR-live-INDTV:1sg-EMPH
377	few // all	2	few:all	χsaʴwu // χsəʴwu	kɑpətʂ tou-ŋuəȵi ɦɑ-tsɑ-χsaʴwu gul ɦe-se-kei-stu.	orphan DEF:one:CL-TOP INT-this:one-few:all companion DIR-make-NAR-PART
378	make	4	make	bəl // bələ // se	kɑpətʂ tou-ŋuəȵi ɦɑ-tsɑ-χsaʴwu gul ɦe-se-kei-stu.	orphan DEF:one:CL-TOP INT-this:one-few:all companion DIR-make-NAR-PART
379	exist // all	2	exist:REDUP:all	ʂəʂe:ʴwu // ʂəʂə:ʴwu	jɑnkhui ʂəʂə:ʴwu i-pə-l-kui-tɕu.	stone.mortar exist:REDUP:all DIR-arrive-come-NAR-PART
380	meeting	7	meeting	ʐmu // ʐmə	ʐmə ɑ-lɑ ɦo-tsu-kəi,	meeting one-CL DIR-hold-NAR
381	heart	7	heart	ɕtɕi: // ɕtɕi:mi // ɕtɕi:miq // ɕtɕɑq	kɑpətʂ tou-ŋuəȵi ɕtɕi:-ků kən ɦɑ-nə-kui,	orphan DEF:one:CL-TOP heart-inside very DIR-good-NAR
382	few	3	few	jin // tɕi // χsɑ	thɑ-χsɑ i-pə-l-ku-tu,	that:one-few DIR-arrive-come-NAR-LNK
383	beat to death	6	beat.to.death // beat.to.death:PRS	qəta: // qəti	tɕile pəmaha tse: qəta:-wa,”	2pl tonight this:CL beat.to.death:PRS-EMPH
384	together	4	together	iɕtɕi // ȵiɑntɕi // ɑŋ̥u̥ə	tu the-maha-ŋuəȵi tɕiu ʂəʂe:ʴwu ȵiɑntɕi gɑnphai-tu-pů-kəi-stu,	RESULT that-night-TOP †(then) exist:REDUP:all together arrange-DIR-do-NAR-PART
385	this // manner	1	this:manner	tsəi	ɦɑ-tsəi gɑnphai-tu-pů-kəi-tɕu.	INT-this:manner arrange-DIR-do-NAR-PART
386	base	1	base	ku	jankhui-le:-ŋuəȵi buzd-le:-ku-tɑ ɦɑ-nə-kui-tɕu,	stone.mortar-DEF:CL-TOP plank.stairs-DEF:CL-base-LOC DIR-sleep-NAR-PART
387	like/as	1	like/as	ʂpɑʂpɑ	dʑy-la:-ʁa qeʴ ʂpɑʂpɑ dʑy-le:-tɑ dzeke i-ɕtɕi-kəi-tɕu,	door-DEF:CL-LOC before like/as door-DEF:CL-LOC (onomatopoeia) DIR-push-NAR-PART
388	(onomatopoeia)	2	(onomatopoeia)	dzeke // tʂhəqtʂhɑqtʂhəqtʂhɑq	dʑy-la:-ʁa qeʴ ʂpɑʂpɑ dʑy-le:-tɑ dzeke i-ɕtɕi-kəi-tɕu,	door-DEF:CL-LOC before like/as door-DEF:CL-LOC (onomatopoeia) DIR-push-NAR-PART
389	flow	1	flow	phi	χa-lɑ-hɑ jɑpə-le:-tɑ ə-tʂə-ȵiɑufu sɑq-phi-ke: ə-ʂə-kui-tɕu,	needle-DEF:one-pl hand-DEF:CL-LOC DIR-stab-LNK(as.soon.as) blood-flow-INDEF:CL DIR-put-NAR-PART
390	grope for	1	grope.for	mo	ə-qɑ-ȵiɑufu kɑpətʂ-tou nəʂ-ta:-ʁa mo-thɑ-jə-kui,	DIR-go-LNK(as.soon.as) orphan-DEF:one:CL bed-DEF:CL-LOC grope.for-AUX-REP-NAR
391	black	1	black	χtʂɑp	χtʂɑp-ke: ŋuə-kui-ȵiɑu,	black-INDEF:CL COP-NAR-PART
392	set fire	1	set.fire	ʂue	mə-lɑw i-ʂue-ȵi ȵiɣi-lɑ-hɑ kə-ʐi,	fire-DEF:one:pile DIR-set.fire-ADV what-DEF:one-pl thus-exist
393	one pile	1	DEF:one.pile	lɑw	mə-lɑw da-qheʴ kɑntɕhi me-pe-ȵiɑufu,	fire-DEF:one.pile DIR-open think/want NEG-correct-LNK(as.soon.as)
394	correct	1	correct	pe	mə-lɑw da-qheʴ kɑntɕhi me-pe-ȵiɑufu,	fire-DEF:one.pile DIR-open think/want NEG-correct-LNK(as.soon.as)
395	reach out	1	reach.out	tʂhu	quaha χuəlɑ kɑntɕhi ʂuətʂhuɑ-la:-ʁa su-tʂhu,	face wash think/want water.jar-DEF:CL-LOC DIR-reach.out
396	step on	2	step.on	tʂhue // tʂßhue	χsutsqhɑ-la:-ʁa ɦe-tʂßhue,	stomach-DEF:CL-LOC DIR-step.on
397	slip	1	slip	ɬɑ	dɑ-ɬɑ buzd-le:-tɑ dʑiq ɦɑ-qə-i-stu.	DIR-slip plank.stairs-DEF:CL-LOC floor DIR-go-HS-PART
398	ground floor	1	ground.floor	tʂhə	dʑiq ɦɑ-qə-ȵiɑufu tʂhə-lɑ buzd-kuə-tɑ jɑnkhui-le:-ʐɑχuɑ ɦɑ-qɑ,	floor DIR-go-LNK(as.soon.as) ground.floor-LOC plank.stair-foot-LOC stone.mortar-DEF:CL-inside DIR-go
399	plank stair	1	plank.stair	buzd	dʑiq ɦɑ-qə-ȵiɑufu tʂhə-lɑ buzd-kuə-tɑ jɑnkhui-le:-ʐɑχuɑ ɦɑ-qɑ,	floor DIR-go-LNK(as.soon.as) ground.floor-LOC plank.stair-foot-LOC stone.mortar-DEF:CL-inside DIR-go
400	foot	1	foot	kuə	dʑiq ɦɑ-qə-ȵiɑufu tʂhə-lɑ buzd-kuə-tɑ jɑnkhui-le:-ʐɑχuɑ ɦɑ-qɑ,	floor DIR-go-LNK(as.soon.as) ground.floor-LOC plank.stair-foot-LOC stone.mortar-DEF:CL-inside DIR-go
401	ram’s horn	1	ram’s.horn	ʁoʁu	pəs-ŋuəȵi ʁoʁu lɑmpə lie-tu,	today-TOP ram’s.horn flower carry-LNK
402	flower	3	flower	lɑmpə // lɑntɕi // lɑpɑ:	pəs-ŋuəȵi ʁoʁu lɑmpə lie-tu,	today-TOP ram’s.horn flower carry-LNK
403	bring	6	bring	le // lie // tɕhi // ʐ	lie,	bring
404	broken	1	broken	g	qɑ-wu ʔũ-jɑpə-le: da-g-ʐɑ-wɑ,”	1sg-AGT 2sg-hand-DEF:CL DIR-broken-CAUS:1sg-EMPH
405	small	6	small	ɕa // ɕi // χtʂɑ	tsi tɕi-χtʂɑ-le:-ŋuəȵi,	daugher most-small-DEF:CL-TOP
406	break	1	break	g	ʔũ-jɑpə-le: da-g-ʐ̥ə-qəstɑ,	2sg-hand-DEF:CL DIR-break-CAUS-not.as.good.as
407	give as gift	1	give.as.gift	lu	ɦɑlɑ qhɑl a-g̥u̥ə u-lu-kui,	INT momo(steamed.bread) one-basketful DIR-give.as.gift-NAR
408	very long	1	very.long	ʂua:m	upu-bəs-te: tɕiqə:ʴ ʂua:m-ke: sei-k-kui,	uncle-snake-DEF:CL before very.long-INDEF:CL walk-go-NAR
409	crevice	1	crevice	χanχa:	qhaʴʁue-lɑw χanχa: ɦɑ-qə-tu,	stone.pile-DEF:one:CL crevice DIR-go-LNK
410	courtyard	2	courtyard	ʁuɑχɑ // ʐoʁu	ɦɑ-thu tsi-lou-ŋuəȵi ɦɑ ʁuɑχɑ-lɑ ɦe-zei ɦe-zei-ȵi thɑ ʐi-kəi-stũ,	INT-there girl-DEF:one:CL-TOP INT courtyard-LOC DIR-cry DIR-cry-ADV there exist-NAR-PART
411	old woman	1	old.woman	qodu	tɕiquɑ-lɑ qodu-le: hɑ-lə-kui-stũ.	inside-LOC old.woman-DEF:CL DIR-come-NAR-PART
412	feast106	1	feast106	dʑel	bəs dʑel-pə-tɕ-mɑ:-le: hɑ-lə-kui-stũ.	snake feast106-do-GEN-mama-DEF:CL DIR-come-NAR-PART
413	very(many)	1	very(many)	kən	qɑ ʁoi-kə-m kən he-ɕa-ȵi,	1sg call-go-NOM very(many) DIR-send:1sg-LNK
414	send // 1sg	1	send:1sg	ɕa	qɑ ʁoi-kə-m kən he-ɕa-ȵi,	1sg call-go-NOM very(many) DIR-send:1sg-LNK
415	close	1	close	tʂə	qɑ-phusuluq-te: tə-tsəqɑ-ȵi mi: ɦɑ-tʂə-n-bɑ,	1sg-clothing-DEF:CL DIR-grab-ADV eye DIR-close-2sg-DTV
416	a kind of thing	1	a.kind.of.thing	ʂkupu	ɦɑ tsɑ-tɑu-ŋuəȵi ə-ʁ-ʁza:-ʁɑ-ŋuəȵi ʂkupu-ɑ-tɑu de-le-kui-stũ.	INT this:one-time-TOP DIR-go-time-LOC-TOP a.kind.of.thing-one-CL DIR-give-NAR-PART
417	marry	2	marry	tsəusə // ɣʐə	χaiʂə tsəusə-bəl ȵi-ke: ŋuə-kui-ʂə,	†(still.is) marry-do WH-INDEF:CL COP-NAR-LNK
418	suck	1	suck	tʂhe107	tɕiquɑ-lɑ upu-bəs-lɑ-hɑ-ŋuəȵi ɕi tʂhe107-kəi-stũ.	inside-LOC uncle-snake-DEF:one-pl-TOP wine suck-NAR-PART
419	helpmate	1	helpmate	zaʁue	tsi-lou-ŋuəȵi upu-bəs-le: zaʁue (sitsəm) pe-kui-wɑ.	girl-DEF:one:CL-TOP uncle-snake-DEF:CL helpmate (wife) become-NAR-EMPH
420	(wife)	1	(wife)	sitsəm	tsi-lou-ŋuəȵi upu-bəs-le: zaʁue (sitsəm) pe-kui-wɑ.	girl-DEF:one:CL-TOP uncle-snake-DEF:CL helpmate (wife) become-NAR-EMPH
421	story	1	story	məʴʂ	lɑn-thə-m ke: məʴʂ qe:ʴ-qe:ʴ ŋuə-tu,	lazy-AUX-NOM INDEF:CL story before-before COP-LNK
422	call // 1pl	2	call:1pl	ʂpe:ʴ // ʂpəʴ	pitɕi-ŋuəȵi “ʐmətʂi” ʂpəʴ,	now-TOP emperor call:1pl
423	man	1	man	tʂi	juɑnʁuɑi.109) ɦɑ-tu satʂů-te:-tɕ-tʂi-le:-ŋuəȵi tʂi ou ʐi-kui,	emperor INT-RESULT younger.sister-DEF:CL-GEN-man-DEF:CL-TOP son one:CL exist-NAR
424	Mama	1	Mama	mɑ:	ɦɑlɑ mɑ:-le:-wu ɑ-s-məqɑ-ŋuəȵi ɦɑthɑ ȵiu-ŋuəȵi ɑ-s pɑntɕin-wu pɑntɕin tə-tʂhə-ȵi ɦɑ-tsəi de-lde-ȵi110 ȵiu pɑtʂ de-lde-ȵi ɦɑlɑ,	INT Mama-DEF:CL-AGT one-day-each-TOP INT sheep.wool-TOP one-day half.catty-INST half.catty DIR-weigh-ADV INT-this.manner DIR-spin-ADV sheep.wool ball DIR-spin-ADV INT
425	weigh	1	weigh	tʂhə	ɦɑlɑ mɑ:-le:-wu ɑ-s-məqɑ-ŋuəȵi ɦɑthɑ ȵiu-ŋuəȵi ɑ-s pɑntɕin-wu pɑntɕin tə-tʂhə-ȵi ɦɑ-tsəi de-lde-ȵi110 ȵiu pɑtʂ de-lde-ȵi ɦɑlɑ,	INT Mama-DEF:CL-AGT one-day-each-TOP INT sheep.wool-TOP one-day half.catty-INST half.catty DIR-weigh-ADV INT-this.manner DIR-spin-ADV sheep.wool ball DIR-spin-ADV INT
426	chat	8	chat	pethiɑu // pethɑu	sawu-le:-ŋuəȵi ɦɑ-thɑ pethɑu-pə-kui-wɑ,	older.sister-DEF:CL-TOP INT-there chat-do-NAR-EMPH
427	pretend	2	pretend	ʂpaqtɑ // ʂpɑqtɑ	tʂhaq-tɑ sə-ʁə ʂpaqtɑ-ȵi ɦɑ-ke dʑy-le: wəstɑ he-ʐi-kui-wɑ.	market-LOC DIR-go pretend-ADV INT-thus door-DEF:CL behind DIR-exist-NAR-EMPH
428	face to face	1	face.to.face	dʐə	ɦɑ-tu sawu-le: ȵɑ satʂů-le: ɦɑlɑ ə-dʐə-ȵi pethiɑu-pə-kəi,	INT-RESULT older.sister-DEF:CL COM younger.sister-DEF:CL INT DIR-face.to.face-ADV chat-do-NAR
429	pitiful	2	pitiful	meʴx // meʴχ	pethiɑu-pə-kəi-tu ɦɑlɑ meʴx,	chat-do-NAR-LNK INT pitiful
430	laxy	1	laxy	lɑn	“qɑ tʂi-le: lɑn-thɑ” jə-ȵi,	1sg son-DEF:CL laxy-AUX say-ADV
431	center	1	center	ʐeků	“qɑ ɦɑlɑ tʂhə-ʐeků-tɑ kuɑntsə ɦɑ-ka:-ʁɑ,	1sg INT market-center-LOC restaurant INT-INDEF:one:CL-LOC
432	restaurant	2	restaurant	kuɑntsɑ // kuɑntsə	“qɑ ɦɑlɑ tʂhə-ʐeků-tɑ kuɑntsə ɦɑ-ka:-ʁɑ,	1sg INT market-center-LOC restaurant INT-INDEF:one:CL-LOC
433	say // 1pl	1	say:1pl	dʑe:ʴ	ɦɑ-tu “ȵiɣi ȵiɣi ɦe-dʑe:ʴ” jə-kui,	INT-RESULT what what DIR-say:1pl say-NAR
434	older siser	1	older.siser	sawu	sawu-le: ȵɑ satʂů-le:,	older.siser-DEF:CL COM younger.sister-DEF:CL
435	thing	6	thing	pɑnɑ // pɑnə // ʐɑ // ʐə	ʐə hɑ-sɑ,”	thing DIR-make.sound
436	yak	1	yak	ʐbə	ʐbə-ŋuəȵi xsə-zi zə-p-ȵi tɕaʁa-lɑ ɦɑ-ʑdʑy-ȵi ʐi-ʐə-kui-tɕu.	yak-TOP three-CL DIR-buy-ADV cowpen-LOC DIR-tether-ADV exist-CAUS-NAR-PART
437	buy	2	buy // buy:PRS	p // pɑ:	ʐbə-ŋuəȵi xsə-zi zə-p-ȵi tɕaʁa-lɑ ɦɑ-ʑdʑy-ȵi ʐi-ʐə-kui-tɕu.	yak-TOP three-CL DIR-buy-ADV cowpen-LOC DIR-tether-ADV exist-CAUS-NAR-PART
438	above	1	above	məq	məq-tɑ tuŋtuŋ ʐo:puɑ-lɑ ʁu dɑ-χlɑ-jə-s-tɑ ɦɑ-ʑdʑy-ȵi i-ɕi-kui-wɑ.	above-LOC cave cave-LOC mountain DIR-cross-CSM-NOM-LOC DIR-tether-ADV DIR-put-NAR-EMPH
439	cave	5	cave	tuŋtuŋ // ʐo:pu // ʐo:puɑ // ʐo:pɑ	məq-tɑ tuŋtuŋ ʐo:puɑ-lɑ ʁu dɑ-χlɑ-jə-s-tɑ ɦɑ-ʑdʑy-ȵi i-ɕi-kui-wɑ.	above-LOC cave cave-LOC mountain DIR-cross-CSM-NOM-LOC DIR-tether-ADV DIR-put-NAR-EMPH
440	bold/daring	2	bold/daring // †bold/daring	tɑntɑ	tɑntɑ-ke: ʐi-kəi-wɑ,	bold/daring-INDEF:CL exist-NAR-EMPH
441	river valley	1	river.valley	qhuɑ:	ɦɑ-thu-ŋuəȵi “qhuɑ: dɑ-ʁə-ja,	DIR-there-TOP river.valley DIR-go-REP:1sg
442	RESULT,	1	RESULT,	tu	ɦɑ-tu,	INT-RESULT,
443	blow	1	blow	ɸə	ɦɑlɑ tɕetɕi-le: wu phə hɑ-ɸə-s-tɑ-jɑntɕi,	INT everywhere-DEF:CL all message DIR-blow-NOM-LOC-after
444	meeeting	1	meeeting	ʐmu	ɦɑlɑ ʂputhuʂ tou-ʁɑ-ŋuəȵi mi ɦɑlɑ ʐmətʂi-le: ʐmu-tsu lɑ-s-ʁɑ-ŋuəȵi ɦɑ-thɑ tʂhetsə-qu-tɑ sə-l-ȵi ɦɑ-ke keʴl-kə-kui.	INT bamboo.tube DEF:one:CL-LOC-TOP person INT emperor-DEF:CL meeeting-hold DEF:one-day-LOC-TOP INT-there cart-top-LOC DIR-look-ADV INT-thus ask-go-NAR
445	that // family	1	that:family	thoqpi	thoqpi-ŋuəȵi hɑ-qə-ȵi ȵi:-tɕ ɦɑlɑ gueʴ-ȵɑ thɑ-hɑn he-ɕi-ȵi tə-meʴʐ-s-tɑ,	that:family-TOP DIR-go-ADV 3sgREFL-GEN INT army-COM that:one-kind DIR-put-ADV DIR-seek-NOM-LOC
446	reputation	1	†(reputation	minjy	satʂů-le: tʂi-le:-ŋuəȵi minjy-tɕiəu-kɑulɑ.	younger.sister-DEF:CL son-DEF:CL-TOP †(reputation-then-higher)
447	then	2	then // †(then	tɕiu // tɕiəu	satʂů-le: tʂi-le:-ŋuəȵi minjy-tɕiəu-kɑulɑ.	younger.sister-DEF:CL son-DEF:CL-TOP †(reputation-then-higher)
448	higher)	1	higher)	kɑulɑ	satʂů-le: tʂi-le:-ŋuəȵi minjy-tɕiəu-kɑulɑ.	younger.sister-DEF:CL son-DEF:CL-TOP †(reputation-then-higher)
449	provide for	5	provide.for	pəʴʐ // pəʴʐə	ɦɑ-tu phɑwu-le: wutɕupu-ȵɑ ȵiɣi dzə-ȵi ȵiɣi tɕhə-tɕ ɦɑ-tsəi ə-ʂ-jy ŋuə-ȵi ɦɑ-tsəi pəʴʐə-kui-wɑ.	INT-RESULT older.sister-DEF:CL husband-COM what eat-ADV what drink-GEN INT-this.manner DIR-put-ASP COP-ADV INT-this.manner provide.for-NAR-EMPH
450	solved)	1	solved)	tɕaitɕyelɑ	tse:-tɕ-ʁɑ112 tɕiu tɕaitɕyelɑ.	this:CL-GEN-LOC †(then solved)
451	place	7	place	fən // ʂpɑ // ʂpɑq // ʂpəq	tɕiuʂə ʐmətʂi-le:-ŋuəȵi ɦɑ-thɑ nai-e-fən-ʁɑ-tɕ-ʐmətʂi-ke: dzin-le: do-ɣʐu-kəi-hɑ,	†(that.is) emperor-DEF:CL-TOP INT-there other-one-place-LOC-GEN-emperor-INDEF:CL monk’s.robe113-DEF:CL DIR-lose-NAR-PART
452	monk’s robe113	1	monk’s.robe113	dzin	tɕiuʂə ʐmətʂi-le:-ŋuəȵi ɦɑ-thɑ nai-e-fən-ʁɑ-tɕ-ʐmətʂi-ke: dzin-le: do-ɣʐu-kəi-hɑ,	†(that.is) emperor-DEF:CL-TOP INT-there other-one-place-LOC-GEN-emperor-INDEF:CL monk’s.robe113-DEF:CL DIR-lose-NAR-PART
453	found)	1	†(found)	tʂɑutɑulɑ	ɦɑ-tse:-ŋuəȵi tʂɑutɑulɑ dɑ-tɕ-ku-kui,	INT-this:CL-TOP †(found) DIR-find-go-NAR
454	rice/food	1	rice/food	stuɑhɑ	stuɑhɑ χaiʂə ba kə tɕhə-kəpə-k,	rice/food †(still.is) big thus eat-HABIT-INF
455	cat	6	cat	məʴ // puȵi // puȵu	tu puȵi-le:-wu,	RESULT cat-DEF:CL-AGT
456	white beard(cat)	1	†white.beard(cat)	pefutsə	pefutsə,	†white.beard(cat)
457	white beard	1	white.beard	pefutsə	tʂekə pefutsə məʴ ke guo zuo χɑu sə,”	†(this white.beard cat give 1sg do good thing)
458	thing)	1	thing)	sə	tʂekə pefutsə məʴ ke guo zuo χɑu sə,”	†(this white.beard cat give 1sg do good thing)
459	bite	1	bite	ʁdʐe	ɦɑ-tu puȵu-le:-wu ɦɑ-thɑ ʐmətʂi jin-le:-tɑ ɦɑ-ʁdʐe-jantɕi ɦɑlɑ u-zu-ȵi ʐi-kui-hɑ,	INT-RESULT cat-DEF:CL-AGT INT-there emperor monk’s.robe-DEF:CL-LOC DIR-bite-after there DIR-wait-ADV exist-NAR-PART
460	good thing	1	†good.thing	χɑusə	hi qɑ-tɕ χɑusə tə-bəl-ən-ʂə,”	EXCL 1sg-GEN †good.thing DIR-do-2sg-LNK
461	vertically	1	vertically	tʂhɑtʂ	ʁɑ-ŋuəȵi tə-tʂhɑtʂ ŋuəȵi ɕtɕə-χtʂ,	roof.tile-TOP DIR-vertically TOP seven-row
462	too	1	too	ʂ	ɑ-zə-ŋuəȵi ʂqu-ʂ-un,	one-little-TOP difficult-too-2sg
463	divine(v )	1	divine(v.)	suɑ	χaiʂə “qɑ pəmaha ȵi:-le: tə-suɑ,	†(still.is) 1sg tonight what-DEF:CL DIR-divine(v.)
464	still)	1	†(still)	χaisə	mi χaisə ɦɑ-tsəi ɦɑ-tse:-ŋuəȵi kənʂə tə-pəʴʐ-ȵi ɦɑ-ke ŋuə-ʐ-kui-hɑ.	person †(still) INT-this.manner INT-this:CL-TOP †even.more DIR-provide.for-ADV INT-thus COP-CAUS-NAR-PART
465	even more	1	†even.more	kənʂə	mi χaisə ɦɑ-tsəi ɦɑ-tse:-ŋuəȵi kənʂə tə-pəʴʐ-ȵi ɦɑ-ke ŋuə-ʐ-kui-hɑ.	person †(still) INT-this.manner INT-this:CL-TOP †even.more DIR-provide.for-ADV INT-thus COP-CAUS-NAR-PART
466	parrot	12	parrot	genkuo // gənkuo	gənkuo wətshi-ŋuəȵi gən phulu χaiʂə pɑufu-le: ŋuə-s kɑ-hɑn ŋuə-kuɑ-ji,	parrot bird-TOP very expensive †(still.is) retaliation-DEF:CL COP-NOM INDEF:one-kind COP-NAR-HS
467	expensive	1	expensive	phulu	gənkuo wətshi-ŋuəȵi gən phulu χaiʂə pɑufu-le: ŋuə-s kɑ-hɑn ŋuə-kuɑ-ji,	parrot bird-TOP very expensive †(still.is) retaliation-DEF:CL COP-NOM INDEF:one-kind COP-NAR-HS
468	retaliation	1	retaliation	pɑufu	gənkuo wətshi-ŋuəȵi gən phulu χaiʂə pɑufu-le: ŋuə-s kɑ-hɑn ŋuə-kuɑ-ji,	parrot bird-TOP very expensive †(still.is) retaliation-DEF:CL COP-NOM INDEF:one-kind COP-NAR-HS
469	is)	1	†(is)	iʂə	genkuo iʂə wətshi kɑ-hɑn ʐi-ku-ʂə,	parrot †(is) bird INDEF:one-kind exist-NAR-LNK
470	agree on	1	agree.on	tin	ɦɑ-tu ʂətɕiɑn ə-tin-thɑ-ȵi ɦɑ-tsəi ə-pəʴʐ-kə-kui,	INT-RESULT †time DIR-agree.on-AUX-ADV INT-this.manner DIR-provide.for-go-NAR
471	inanimate treasure	1	inanimate.treasure	tsəpɑu	qɑ tse: tsəpɑu-le: mɑ-ŋ̥u̥ə-ʂə χuopɑu-le: ŋuə.	1sg this:CL inanimate.treasure-DEF:CL NEG-COP-LNK live.treasure-DEF:CL COP
472	really	2	really // †really	tʂentʂen // ʁɑtɕhi	tʂentʂen qɑ tse: genkuo-le: dɑ-tɕə-s kɑ-hɑn ŋuə-tu,	†really 1sg this:CL parrot-DEF:CL DIR-find-NOM INDEF:one-kind COP-LNK
473	equal	2	equal // †(equal	phin	qɑ-ȵike phin-tɕhi-phin-tsuo,	1sg-COM:thus †(equal-stand-equal-sit)
474	sit)	1	sit)	tsuo	qɑ-ȵike phin-tɕhi-phin-tsuo,	1sg-COM:thus †(equal-stand-equal-sit)
475	Han person	1	Han.person	ʁəʴ	ʁəʴ-tɑ-ŋuəȵi kaijuɑn-ʁɑ ʂpə me-we-m me-ʐi,	Han.person-DAT-TOP †street.edge-LOC bamboo NEG-exist-NOM NEG-exist
476	wing	1	wing	ɣzəifɑ	ɦɑ-thɑ genkuo-le:-ŋuəȵi ɣzəifɑ qə-tɑ-ŋuəȵi xʂul lou tə-χʂə-ȵi wet lou ɦɑ-ke tə-tʂhe-le: we-kui-wɑ,	INT-there parrot-DEF:CL-TOP wing top-LOC-TOP rope DEF:one:CL DIR-tie-ADV stick DEF:one:CL INT-thus DIR-support-DEF:CL exist-NAR-EMPH
477	tie	1	tie	χʂə	ɦɑ-thɑ genkuo-le:-ŋuəȵi ɣzəifɑ qə-tɑ-ŋuəȵi xʂul lou tə-χʂə-ȵi wet lou ɦɑ-ke tə-tʂhe-le: we-kui-wɑ,	INT-there parrot-DEF:CL-TOP wing top-LOC-TOP rope DEF:one:CL DIR-tie-ADV stick DEF:one:CL INT-thus DIR-support-DEF:CL exist-NAR-EMPH
478	stick	2	stick	jə // wet	ɦɑ-thɑ genkuo-le:-ŋuəȵi ɣzəifɑ qə-tɑ-ŋuəȵi xʂul lou tə-χʂə-ȵi wet lou ɦɑ-ke tə-tʂhe-le: we-kui-wɑ,	INT-there parrot-DEF:CL-TOP wing top-LOC-TOP rope DEF:one:CL DIR-tie-ADV stick DEF:one:CL INT-thus DIR-support-DEF:CL exist-NAR-EMPH
479	support	1	support	tʂhe	ɦɑ-thɑ genkuo-le:-ŋuəȵi ɣzəifɑ qə-tɑ-ŋuəȵi xʂul lou tə-χʂə-ȵi wet lou ɦɑ-ke tə-tʂhe-le: we-kui-wɑ,	INT-there parrot-DEF:CL-TOP wing top-LOC-TOP rope DEF:one:CL DIR-tie-ADV stick DEF:one:CL INT-thus DIR-support-DEF:CL exist-NAR-EMPH
480	among	1	among	χqa	tu ɦɑlɑ xʂul-le:-ŋuəȵi ʂpə χqa-lɑ hɑ-jə-kui.	RESULT INT rope-DEF:CL-TOP bamboo among-LOC DIR-stick/be.caught-NAR
481	stick/be caught	1	stick/be.caught	jə	tu ɦɑlɑ xʂul-le:-ŋuəȵi ʂpə χqa-lɑ hɑ-jə-kui.	RESULT INT rope-DEF:CL-TOP bamboo among-LOC DIR-stick/be.caught-NAR
482	(birdcall)	1	(birdcall)	ɕtɕeʴpɕtɕeʴp	genkuo-le: ʐɑχuɑ-lɑ ɕtɕeʴpɕtɕeʴp-le: thɑ sɑ-kui-hɑ,	parrot-DEF:CL inside-LOC (birdcall)-DEF:CL there make.sound-NAR-PART
483	matter/affair	1	matter/affair	ʐɑ	“tsɑ-χui tse: genkuo-le: qɑ-tɕ ʐɑ hɑ-sə-ʂə,”	this:one-time this:CL parrot-DEF:CL 1sg-GEN matter/affair DIR-make.sound-LNK
484	disaster	1	disaster	ʂkupɑ	qɑ-χuopɑu-le:-ŋuəȵi ʂkupɑ-mo-ʁu,	1sg-live.treasure-DEF:CL-TOP disaster-NEG-willing
485	fate/destiny	1	fate/destiny	lez	ɦa-ka:-ʁɑ stuɑhɑ tɕhə-s ɦɑ-kɑ-hɑn lez tə-ʁə-s-le: we-kuai.	INT-INDEF:one:CL-LOC food eat-NOM INT-INDEF:one-kind fate/destiny DIR-go-NOM-DEF:CL exist-NAR
486	kind)	1	kind)	jɑn	ɦɑ-tsu-ŋuəȵi ȵi ke guo sɑn-jɑn,	INT-here-TOP †(2sg give 1sg three-kind)
487	kinds	1	kinds	hɑn	ɦɑ-thu xsə-hɑn thuntʂə tu-p-ʐə-ku-ʂə,	INT-there three-kinds notify DIR-do-CAUS-NAR-LNK
488	seat	1	seat	luq	qɑ-luq-te:-ŋuəȵi ʔũ o-zu-n,”	1sg-seat-DEF:CL-TOP 2sg DIR-sit-2sg
489	root	1	root	kopu	ɦɑ-tsu qɑ-wu dʑe-tɕ kopu-le:-ŋuəȵi,	DIR-here 1sg-AGT say-NOM root-DEF:CL-TOP
490	forget	1	forget	m	qɑ tɕiq dʑe-s-tɑ-ŋuəȵi ʐmə-lɑ-sɑ dɑ-m-ɑ,	1sg inside say-NOM-LOC-TOP name-DEF:one-CL DIR-forget-1sg
491	back	1	back	steke	χuɑn-tɕhiɑnmeʴ ʐmə-w kɑ-hɑn ŋuə-w-tu.) ʐmətʂi-le:-ŋuəȵi tɕi-steke-lɑ ŋuə-tu,	Huang-Qianmen call-VIS INDEF:one-kind COP-VIS-LNK emperor-DEF:CL-TOP most-back-LOC COP-LNK
492	long ago	1	long.ago	qeʴ	tshəntɕɑ qɑpə qeʴ ŋuə-tu,	Chen.family old.man long.ago COP-LNK
493	traveling expenses	1	traveling.expenses	phɑntshə	ɑ-sə-mɑqɑ khuə tə-ɕi-ȵi phɑntshə-ʁɑ khuə tə-ɕi-ȵi stuɑhɑ tɕhə-m,	one-day-each dog DIR-release-ADV traveling.expenses-LOC dog DIR-release-ADV food eat-NOM
494	below	2	below	ʂqə // ʂqəl	ʐo:pu-le: ʂqəl-lɑ-ŋuəȵi bəs-le: u-tɕu-kəi-wɑ.	cave-DEF:CL below-LOC-TOP snake-DEF:CL DIR-see-NAR-EMPH
495	ought // 1sg	1	ought:1sg	ʁza	ɦɑ-ke kə-ʁza-ȵi,	INT-thus go-ought:1sg-ADV
496	empty handed	1	empty.handed	xʂuɕtɕu	ɦɑ-kə xʂuɕtɕu-le: kə-qəstɑ,	INT-thus empty.handed-DEF:CL go-not.as.good.as
497	why	1	why	ȵiχuɑ	“ȵiχuɑ ŋuə-ȵi (hɑtu) tə-ʑdʑi?”	why COP-ADV INT DIR-sick
498	sick	5	sick	ʑdʑi // ʑdʑi?	“ȵiχuɑ ŋuə-ȵi (hɑtu) tə-ʑdʑi?”	why COP-ADV INT DIR-sick
499	cure	1	cure	tʂhup	“ʑdʑi ɦo-tʂhup-ȵi ʑdʑi u-xʂu mɑ-lə,	sick DIR-cure-ADV sick DIR-recover NEG-able
500	eat // 1sg	1	eat:1sg	dza	qɑ tshəntɕɑ qɑpə-tɕ ʂpəl ȵɑ ɕtɕi:mi sə-dza-tu,	1sg Chen.family old.man-GEN kidney COM heart DIR-eat:1sg-LNK
501	save	1	save	tɕəu	tse:-ŋuəȵi tshəntɕɑ qɑpə tɕəu-thɑ-tɕ,	this:CL-TOP Chen.family old.man save-AUX-GEN(goal)
502	GEN(goal)	1	GEN(goal)	tɕ	tse:-ŋuəȵi tshəntɕɑ qɑpə tɕəu-thɑ-tɕ,	this:CL-TOP Chen.family old.man save-AUX-GEN(goal)
503	Chen Diqing	21	Chen.Diqing	tshəntitɕhin // tshəntitɕhən // tɕhəntitɕhin	tshəntɕɑ qɑpə-tɕ tʂi-ŋuəȵi tshəntitɕhən,	Chen.family old.man male/son-TOP Chen.Diqing
504	divine(the future)	1	divine(the.future)	suəsuɑ	ɦɑ-tu tshəntɕɑ qɑpə-ŋuəȵi suəsuɑ ɣʐə-jy,	INT-RESULT Chen.family old.man-TOP divine(the.future) able-ASP
505	divine	2	divine	suɑ // suəsuɑ	ɦɑlɑ tə-suɑ-ȵi dʐuků de-le,	INT DIR-divine-ADV knowledge DIR-exist
506	set out	3	set.out	jy // ɣz // ɣzə	ʔũ-ŋuəȵi dɑ-ɣzə-n,	2sg-TOP DIR-set.out-2sg
507	escape	1	escape	χlu	qɑ-ŋuəȵi fɑntʂənʂə ʐmətʂi tsoqpi jəpɑ-q-tɑ-ŋuəȵi do-χlu mɑ-lə-jya,	1sg-TOP †(anyway.is) emperor this:family hand-top-LOC-TOP DIR-escape NEG-able-ASP:1sg
508	cliff	1	cliff	jopu	ɦɑ-thɑ-s-ʁɑ bəs-le: jopu-le: ʂqə-lɑ u-tɕyɑ-pɑqtɑ ɦɑtɑ tse:-ŋuəȵi,	INT-that:one-day-LOC snake-DEF:CL cliff-DEF:CL below-LOC DIR-see:1sg-LNK(after) INT this:CL-TOP
509	see // 1sg	1	see:1sg	tɕyɑ	ɦɑ-thɑ-s-ʁɑ bəs-le: jopu-le: ʂqə-lɑ u-tɕyɑ-pɑqtɑ ɦɑtɑ tse:-ŋuəȵi,	INT-that:one-day-LOC snake-DEF:CL cliff-DEF:CL below-LOC DIR-see:1sg-LNK(after) INT this:CL-TOP
510	LNK(after)	1	LNK(after)	pɑqtɑ	ɦɑ-thɑ-s-ʁɑ bəs-le: jopu-le: ʂqə-lɑ u-tɕyɑ-pɑqtɑ ɦɑtɑ tse:-ŋuəȵi,	INT-that:one-day-LOC snake-DEF:CL cliff-DEF:CL below-LOC DIR-see:1sg-LNK(after) INT this:CL-TOP
511	AMP119 // all	1	AMP119:all	tɕeʴwu	tshəntitɕhin ʔũ du-ɸu dʐə-tɕeʴwu du-ɸu-n-pɑ,	Chen.Diqing 2sg DIR-run.away able-AMP119:all DIR-run.away-2sg-DTV
512	manage	2	manage	kuɑn // pɑn	ɦɑ-tu χu ȵɑ thɑ-hɑn kuɑn-thɑ-m əzzi ʐi-kui.	INT-RESULT goods COM that:one-kind manage-AUX-NOM a.few exist-NAR
513	a few	1	a.few	əzzi	ɦɑ-tu χu ȵɑ thɑ-hɑn kuɑn-thɑ-m əzzi ʐi-kui.	INT-RESULT goods COM that:one-kind manage-AUX-NOM a.few exist-NAR
514	least amount)	1	†(least.amount)	afəʴali	ɦɑ-tu thɑ-hɑn afəʴali mɑ-tʂhə-tɕ lɑχuilai χu.	INT-RESULT that:one-kind †(least.amount) NEG-lack-GEN †(take.back) goods
515	lack	1	lack	tʂhə	ɦɑ-tu thɑ-hɑn afəʴali mɑ-tʂhə-tɕ lɑχuilai χu.	INT-RESULT that:one-kind †(least.amount) NEG-lack-GEN †(take.back) goods
516	take back)	1	†(take.back)	lɑχuilai	ɦɑ-tu thɑ-hɑn afəʴali mɑ-tʂhə-tɕ lɑχuilai χu.	INT-RESULT that:one-kind †(least.amount) NEG-lack-GEN †(take.back) goods
517	close relatives	1	close.relatives	kuȵɑtsə	“kuȵɑtsə ȵɑ stumpətʂe120-ŋuəȵi,	close.relatives COM relatives-TOP
518	relatives	1	relatives	stumpətʂe120	“kuȵɑtsə ȵɑ stumpətʂe120-ŋuəȵi,	close.relatives COM relatives-TOP
519	smart	1	smart	tshənpe	tʂi-ŋuəȵi tshənpe-khunpe.	son-TOP smart-capable
520	capable	1	capable	khunpe	tʂi-ŋuəȵi tshənpe-khunpe.	son-TOP smart-capable
521	still is	1	†(still.is	χaiʂə	ɦɑlɑ-ŋuəȵi χaiʂə tɑulə tɕi kuo jue ʂəχəu i-jə-ɕ pe-tu,	there-TOP †(still.is arrive few CL month time/when) one-two-month become-LNK
522	month	2	month	jue // ɕ	ɦɑlɑ-ŋuəȵi χaiʂə tɑulə tɕi kuo jue ʂəχəu i-jə-ɕ pe-tu,	there-TOP †(still.is arrive few CL month time/when) one-two-month become-LNK
523	time/when)	1	time/when)	ʂəχəu	ɦɑlɑ-ŋuəȵi χaiʂə tɑulə tɕi kuo jue ʂəχəu i-jə-ɕ pe-tu,	there-TOP †(still.is arrive few CL month time/when) one-two-month become-LNK
524	years	1	years	p	ɕtɕə-p le-ȵi ləɣz ɑ:-su-k-wɑ.	seven-years exist-ADV book DIR:INDTV-study-go-DTV
525	twelve years old)	1	†(twelve.years.old)	ʂəʔəʴsui	nai tʂi pe-tu ʂəʔəʴsui hani-p le-ȵi ɦɑ-tu qɑ tɑ:-meʴʐ-lə-wɑ,”	other son become-LNK †(twelve.years.old) twelve-year exist-LNK INT-RESULT 1sg INDTV-seek-come-DTV
526	twelve	1	twelve	hani	nai tʂi pe-tu ʂəʔəʴsui hani-p le-ȵi ɦɑ-tu qɑ tɑ:-meʴʐ-lə-wɑ,”	other son become-LNK †(twelve.years.old) twelve-year exist-LNK INT-RESULT 1sg INDTV-seek-come-DTV
527	return	1	return	pə	kə-ŋuə-tu i-pə-l-ȵi qɑ ta:-meʴʐ-wɑ.”	thus-COP-LNK DIR-return-come-ADV 1sg DIR:INDTV-seek-DTV
528	same way	1	same.way	ʂpaʂpa	qe:ʴ ʂpaʂpa ɦɑ-ke: tu-tsu-jə-kəi.	before same.way INT-INDEF:CL DIR-meet-REP-NAR
529	perhaps	1	perhaps	luo	ɦɑ-ŋuəȵi χu-pɑn-thɑ-luo,	INT-TOP goods-manage-AUX-perhaps
530	ten	2	ten	hodʑy // hotɕu	hodʑy-p le-ȵi qɑ ta:-meʴʐ-lə-wɑ,”	ten-year exist-ADV 1sg DIR:INDTV-seek-come-DTV
531	flat area on side of hill	1	flat.area.on.side.of.hill	bɑ	bɑ-la:-ʁɑ e-tʂepe-kəi.	flat.area.on.side.of.hill-DEF:CL-LOC DIR-encounter-NAR
532	TOP)	1	†(TOP)	jə	thɑnkhemu-jə ba-kəi-ʂə,	Thɑnkhemu-†(TOP) big-NAR-LNK
533	WH kind	1	WH.kind	ȵi:tsəi	ɦɑlɑ likhemu-ŋuəȵi “ȵi:tsəi ŋuə-ʐɑ:?”	INT Likhemu-TOP WH.kind COP-CAUS:PRS:1pl
534	seek // 1pl	1	seek:1pl	meʴʐe:ʴ	“ʔũ ȵɑ qɑ jə-ze wu tsəi-ŋuəȵi thɑ-hɑn ep meʴʐe:ʴ,	2sg COM 1sg two-CL all this.manner-TOP that:one-kind father seek:1pl
535	jointly	1	jointly	kənti	ep-te: kənti e: ŋuə-k-ɑ:ʴ-tɕi?	father-DEF:CL jointly one:CL COP-INF-PRS:1pl-Q
536	house(temple)	1	house(temple)	tɕi	ɦɑlɑ xsə-tɕi-la:-ʁɑ ə-wəi-jə-kəi ha,	INT god-house(temple)-DEF:CL-LOC DIR-stay/live-REP-NAR INT
537	Chen	1	Chen	tshən	tshən-ŋuəȵi ɦɑ-thɑ xsə-tɕi-le:-pienɑ-ŋuəȵi ʐoʁu-pienɑ-lɑ wətshəi-le:-tɑ ɦɑ-l-ȵi ɦɑ-ke-ze ʐi-jə kə u-ʐmu-ɑ-wɑ,”	Chen-TOP INT-there god-house-DEF:CL-beside-TOP courtyard-beside-LOC wild.prickly.ash-DEF:CL-LOC DIR-look-ADV INT-INDEF-CL exist-REP thus DIR-dream-1sg-EMPH
538	wild prickly ash	1	wild.prickly.ash	wətshəi	tshən-ŋuəȵi ɦɑ-thɑ xsə-tɕi-le:-pienɑ-ŋuəȵi ʐoʁu-pienɑ-lɑ wətshəi-le:-tɑ ɦɑ-l-ȵi ɦɑ-ke-ze ʐi-jə kə u-ʐmu-ɑ-wɑ,”	Chen-TOP INT-there god-house-DEF:CL-beside-TOP courtyard-beside-LOC wild.prickly.ash-DEF:CL-LOC DIR-look-ADV INT-INDEF-CL exist-REP thus DIR-dream-1sg-EMPH
539	water(river)	1	water(river)	tsə	ʁɑtɕhi ɦɑlɑ gue:ʴ-le:-pienɑ-ŋuəȵi səɸ-lə-jin-tʂɑ we-s-tɑ-ŋuəȵi ɦɑlɑ tsə-le: lu-ji,	really INT road-DEF:CL-beside-TOP tree-DEF-few-CL exist-NOM-LOC-TOP INT water(river)-DEF:CL come(flow)-HS
540	come(flow)	1	come(flow)	lu	ʁɑtɕhi ɦɑlɑ gue:ʴ-le:-pienɑ-ŋuəȵi səɸ-lə-jin-tʂɑ we-s-tɑ-ŋuəȵi ɦɑlɑ tsə-le: lu-ji,	really INT road-DEF:CL-beside-TOP tree-DEF-few-CL exist-NOM-LOC-TOP INT water(river)-DEF:CL come(flow)-HS
541	spring water	1	spring.water	χqɑtsəimi	ɦɑlɑ χqɑtsəimi-le: ɦɑ-lə-kui.	INT spring.water-DEF:CL DIR-come-NAR
542	stone	1	stone	ʐɑwɑ	sə-tɕ-kəi-tu ɦɑlɑ ʐɑwɑ-ʂəpan-le: ɦa-que-ji-le: tu-tsu-kəi,	DIR-drink-NAR-LNK INT stone-†stone.slab-DEF:CL DIR-cover-CSM-DEF:CL DIR-encouter-NAR
543	stone slab	3	stone.slab // †stone.slab	ʂəpan // ʂəpɑn	sə-tɕ-kəi-tu ɦɑlɑ ʐɑwɑ-ʂəpan-le: ɦa-que-ji-le: tu-tsu-kəi,	DIR-drink-NAR-LNK INT stone-†stone.slab-DEF:CL DIR-cover-CSM-DEF:CL DIR-encouter-NAR
544	cover	1	cover	que	sə-tɕ-kəi-tu ɦɑlɑ ʐɑwɑ-ʂəpan-le: ɦa-que-ji-le: tu-tsu-kəi,	DIR-drink-NAR-LNK INT stone-†stone.slab-DEF:CL DIR-cover-CSM-DEF:CL DIR-encouter-NAR
545	encouter	1	encouter	tsu	sə-tɕ-kəi-tu ɦɑlɑ ʐɑwɑ-ʂəpan-le: ɦa-que-ji-le: tu-tsu-kəi,	DIR-drink-NAR-LNK INT stone-†stone.slab-DEF:CL DIR-cover-CSM-DEF:CL DIR-encouter-NAR
546	club	1	club	kɑntɕhi	kɑntɕhi,	club
547	mouthful	1	mouthful	qu	thɑnkhemu-ŋuəȵi tsə o-qu sə-tɕ-kəi,	Thɑnkhemu-TOP water one-mouthful DIR-drink-NAR
548	little brother	1	little.brother	tutʂu	ɦɑ-tu “likhemu lə ə-tɕhə-n qɑ-tutʂu ə-tɕhə-n,”	INT-RESULT Likhemu also DIR-drink-2sg 1sg-little.brother DIR-drink-2sg
549	trip	1	trip	thɑn	u-χsu-ȵi ɑ-thɑn tə-tsi-kəi-tu,	DIR-jump-ADV one-trip DIR-lift-NAR-LNK
550	turn over	1	turn.over	qe	ʂəpɑn tə-qe-ȵiɑufu,	stone.slab DIR-turn.over-LNK(as.soon.as)
551	upper part	1	upper.part	guχu	ɦɑlɑ gue:ʴ-guχu-lɑ xsə-tɕi-le:-ʁɑ sin-le:-tɑ ɦɑ-l-ȵi ʐi-kui-wɑ,	INT road-upper.part-LOC god-house-DEF:CL-LOC lion-DEF:CL-LOC DIR-look-ADV exist-NAR-EMPH
552	pair	1	pair	tue	ɦɑlɑ gɑntsə-ŋuəȵi ɦɑlɑ sin le-tue-tɑ ɦɑ-ʂə-tɕ,	INT saddle-TOP INT lion DEF-pair-LOC DIR-put-GEN
553	wash clean	1	wash.clean	ʂu	ɦo-ʂu kə ɦɑ-thə tə-bəl-ȵiɑntɕi gɑntsə χuɑ-m ɦɑlə ə-tɕ-kəi,	DIR-wash.clean thus INT-there DIR-make-after saddle sell-NOM there DIR-stop-NAR
554	city	1	city	ʁo	ɦɑlɑ ʁo-men ɦo-tsu-ji-la:-ʁɑ ɦɑlɑ,	INT city-gate DIR-stand.up-CSM-DEF:CL-LOC there
555	gate	1	gate	men	ɦɑlɑ ʁo-men ɦo-tsu-ji-la:-ʁɑ ɦɑlɑ,	INT city-gate DIR-stand.up-CSM-DEF:CL-LOC there
556	stand up	1	stand.up	tsu	ɦɑlɑ ʁo-men ɦo-tsu-ji-la:-ʁɑ ɦɑlɑ,	INT city-gate DIR-stand.up-CSM-DEF:CL-LOC there
557	come // 1pl	3	come:1pl	leʴ // ləʴ	“tɕile tshəntitɕhin meʴʐ leʴ-wɑ,”	1pl Chen.Diqing seek come:1pl-EMPH
558	buy // 1pl	1	buy:1pl	pəʴ	nai mo-χoʂu-tu mɑ-pəʴ-wɑ,”	other NEG-fit-LNK NEG-buy:1pl-EMPH
559	reveal	1	reveal	qe	qhuɑt tə-ʂ-ȵike tu te-qe me-tɕhi,	as.it.happens DIR-grow-after RESULT DIR-reveal NEG-want
560	tunnel	2	tunnel // †tunnel	titɑu	ɦɑ-tu jɑutsan dʑemi wutɕupu-ŋuəȵi ɦɑlɑ titɑu tə-xkue-ȵi ɦɑ-tsəi ə-ʂ-jy-kui-wɑ,	INT-RESULT man.eating.demon Dʑemi husband-TOP INT †tunnel DIR-dig-ADV INT-this.manner DIR-put-ASP-NAR-EMPH
561	dig	1	dig	xkue	ɦɑ-tu jɑutsan dʑemi wutɕupu-ŋuəȵi ɦɑlɑ titɑu tə-xkue-ȵi ɦɑ-tsəi ə-ʂ-jy-kui-wɑ,	INT-RESULT man.eating.demon Dʑemi husband-TOP INT †tunnel DIR-dig-ADV INT-this.manner DIR-put-ASP-NAR-EMPH
562	ʴght	1	ʴght	quɑ	ɦɑ-tu nə-quɑ-ȵi ɦɑlɑ ŋuə-tu,	INT-RESULT DIR-ʴght-ADV there COP-LNK
563	catch)	1	†(catch)	tɑitɑulɑ	ɦɑlɑ jɑutsan dʑemi ɦɑ-tsoqpi-tɕ ʐmətʂi ɦɑ-tse:-wu tɑitɑulɑ,	there man.eating.demon Dʑemi INT-this:family-GEN emperor INT-this:CL-AGT †(catch)
564	catch	1	catch	ts̥əqɑ	tə-ts̥əqɑ-ku,	DIR-catch-NAR
565	nearly dead	1	nearly.dead	ȵisues	thɑnkhemu ȵɑ likhemu-ŋuəȵi titɑu-ʁɑ a-ʁů-ȵi ȵisues me-le:-tɕ-ŋuəȵi sipe dɑ-ɕtɕ-jə,	Thɑnkhemu COM Likhemu-TOP tunnel-LOC DIR-throw-ADV nearly.dead NEG-exist-GEN-TOP medicine DIR-feed-CSM
566	also recalled a little)	1	†(also.recalled.a.little)	χaiʂəχuijələjitian	ɦɑ-tu thɑnkhemu ȵɑ likhemu-ŋuəȵi χaiʂəχuijələjitian,	INT-RESULT Thɑnkhemu COM Likhemu-TOP †(also.recalled.a.little)
567	thought(n )	1	thought(n.)	ɕtɕů	ɦɑ-tsəi-ȵi ɕtɕů zə-lɑ-ȵi,	INT-this.manner-ADV thought(n.) DIR-come-ADV
568	eleven	1	eleven	hatʂi	the-wu hatʂi-p le-ȵi qɑ ta:-meʴʐ-wɑ,	that-ABL eleven-year exist-ADV 1sg DIR:INDTV-seek-DVT
569	come // 1p	1	come:1p	ləʴ	“a ʔũ ȵɑ qɑ ep meʴʐ ləʴ-ȵi,”	EXCL 2sg COM 1sg father seek come:1p-ADV
570	these people	1	these.people	tsəzzi	likhemu tsəzzi-ŋuəȵi ɦɑlɑ jɑutsan dʑemi wutɕupu-le:-ŋuəȵi,	Likhemu these.people-TOP there man.eating.demon Dʑemi husband-DEF:CL-TOP
571	ordinary citizens	2	†ordinary.citizens	lɑupeɕi // lɑupeɕin	jautsan dʑemi tse:-wu χaiʂə lɑupeɕi lə qusu ə-tʂən-thɑ,	man.eating.demon Dʑemi this:CL-AGT †(still.is) †ordinary.citizens also very.many DIR-kill-AUX
572	dispute	1	dispute	tshenʂə	tshenʂə qusu tə-qɑ-ʐ-kui-wɑ.	dispute very.many DIR-go-CAUS-NAR-EMPH
573	first demand)	1	†(first.demand)	tijikuojautɕhiu	ɦɑ-tu tshəntitɕhin-ŋuəȵi ɦɑ-tu tijikuojautɕhiu,	INT-RESULT Chen.Diqing-TOP INT-RESULT †(first.demand)
574	appearance	1	appearance	χupi	quɑha-χupi lə u-mu-tɕu-le,	face-appearance also DIR-NEG-see-because
575	catty	1	catty	tɕ	ȵiuχuɑn-ŋuəȵi ɑ-tɕ,	bezoar-TOP one-catty
576	charcoal	4	charcoal // †charcoal	kɑnthɑn // mudʑu	kɑnthɑn mudʑu-ŋuəȵi ɑ-w phə tɕhe-wɑ,	†charcoal charcoal-TOP one-pile blow(burn) want-DTV
577	front	1	front	putu	tɕile putu-lɑ-ŋuəȵi kɑnthɑn ɑ-w phə tɕhe-wɑ,”	1pl front-LOC-TOP charcoal one-pile blow(burn) want-DTV
578	put/place	1	put/place	ʂə	kɑnthɑn-məq-tɑ ȵiuχuɑn-le-ste ʂə-ku-tu,	charcoal-top-LOC bezoar-DEF-CL put/place-NAR-LNK
579	big teeth	1	big.teeth	dzə	jautsan-le:-ŋuəȵi dzə ɦɑ-lə-kəi-stun.	man.eating.demon-DEF:CL-TOP big.teeth DIR-come-NAR-PART
580	actually	1	†(actually	tɕiutɕin	pəs-ŋuəȵi ʐmətʂi sətsim-le: tɕiutɕin ʂə mi-le: ŋuə-ŋuɑ?	today-TOP emperor wife-DEF:CL †(actually COP) person-DEF:CL COP-Q
581	COP)	1	COP)	ʂə	pəs-ŋuəȵi ʐmətʂi sətsim-le: tɕiutɕin ʂə mi-le: ŋuə-ŋuɑ?	today-TOP emperor wife-DEF:CL †(actually COP) person-DEF:CL COP-Q
582	loss	1	loss	sunʂə	ɦɑ-tse:-wu lɑupeɕin ȵɑ gueʴ ȵɑ thɑ-hɑn qusu sunʂə tə-qɑ-ʐə-ʂ,	INT-this:CL-AGT †ordinary.citizens COM soldier COM that:one-kind very.many loss DIR-go-CAUS-LNK
583	2plREFL	1	2plREFL	ʔileile	ɦɑ-tse:-ŋuəȵi ʔileile i-tse-i-wɑ,”	INT-this:CL-TOP 2plREFL DIR-look-2pl-DTV
584	capture	2	capture // †capture	taipu // ts̥əqɑ	ɦɑ ʐmətʂi taipu,	INT emperor †capture
585	redressed)	1	†(redressed)	phinfanlɑ	likhemu ɦɑtə tɕiu tsoqpi ȵɑ phinfanlɑ,	Likhemu INT †(then) this:family COM †(redressed)
586	slow	1	slow	akha	χaiʂə ɦɑlɑ tɕiu akha,	†(still.is) INT †(then) slow
587	woman	1	woman	tsi	ɦɑlɑ tsi su-ɣdu:-lɑ ʐə-m ɦɑ,-kəzzi pe-kui,	there woman DIR-left.over-LOC exist-NOM INT-INDEF:two:CL become-NAR
588	left over	1	left.over	ɣdu:	ɦɑlɑ tsi su-ɣdu:-lɑ ʐə-m ɦɑ,-kəzzi pe-kui,	there woman DIR-left.over-LOC exist-NOM INT-INDEF:two:CL become-NAR
589	this // two	2	this:two:CL	tsəizzi // tsəzzi	ɦɑlɑ sə-xʂə-s-tɑ ʐə-m ɦɑlɑ tsəzzi-ŋuəȵi thɑnkhemu ȵɑ likhemu-tɕ mɑ: ləzzi-ŋuəȵi do-qu-kəi,	INT DIR-be.last-NOM-LOC exist-NOM INT this:two:CL-TOP Thɑnkhemu COM Likhemu-GEN mama DEF:two:CL-TOP DIR-afraid-NAR
590	grandfather	1	grandfather	ɑpə	tɕile-ɑpə lə tse-ze jɑpəq-tɑ die-ʂe-jy,	1pl-grandfather also this-CL hand-LOC DIR-die-ASP:EVID
591	know	1	know	n	tɕɑl kə mɑ-n-jy-ɑ,	where:LOC go NEG-know-ASP-1sg
592	overturn	2	overturn	qhuɑ // quɑ	ʁu nə-quɑ-kəi-wɑ,	mountain DIR-overturn-NAR-EMPH
593	assassin	1	†assassin	ʂɑʂəu	thɑnkhemu ȵɑ likhemu-tɕ ʂɑʂəu he-ɕi-ȵi,	Thɑnkhemu COM Likhemu-GEN †assassin DIR-send-ADV
594	helper	1	helper	wutʂhu	wutʂhu-pu-m-le-ɣle he-ɕi-ȵi ŋuə-tu,	helper-do-NOM-DEF-pl DIR-send-ADV COP-LNK
595	last	1	last	xʂə	sə-xʂə-s-tɑ ʐə-m ləzzi-ŋuəȵi tsɑ ɑ-ʂ i-le tɕhe-wɑ,”	DIR-last-NOM-LOC exist-NOM DEF:two:CL-TOP here one-while DIR-bring want-DTV
596	while	1	while	ʂ	sə-xʂə-s-tɑ ʐə-m ləzzi-ŋuəȵi tsɑ ɑ-ʂ i-le tɕhe-wɑ,”	DIR-last-NOM-LOC exist-NOM DEF:two:CL-TOP here one-while DIR-bring want-DTV
597	help up124	1	help.up124	fusɑn	ɦɑlɑ kəntɑu ɦɑlɑ fusɑn-tu-pu-ȵi fɑ tə-l̥əlɑ-kəi-wɑ,	INT immediately INT help.up124-DIR-do-ADV clothing DIR-change-NAR-EMPH
